--------------------------------------------------------
--  파일이 생성됨 - 월요일-11월-18-2024   
--------------------------------------------------------
DROP SEQUENCE "WITHJO"."ADMIN_NO_SEQ";
DROP SEQUENCE "WITHJO"."BOARD_NO_SEQ";
DROP SEQUENCE "WITHJO"."CATEGORY_NO_SEQ";
DROP SEQUENCE "WITHJO"."COMMENTS_NO_SEQ";
DROP SEQUENCE "WITHJO"."COMMENT_NO_SEQ";
DROP SEQUENCE "WITHJO"."CONTENT_NO_SEQ";
DROP SEQUENCE "WITHJO"."COURSE_LIST_DAY_NO_SEQ";
DROP SEQUENCE "WITHJO"."COURSE_NO_SEQ";
DROP SEQUENCE "WITHJO"."CUSTOMER_NO_SEQ";
DROP SEQUENCE "WITHJO"."DRAWING_NO_SEQ";
DROP SEQUENCE "WITHJO"."EVENT_NO_SEQ";
DROP SEQUENCE "WITHJO"."LOTTO_NO_SEQ";
DROP SEQUENCE "WITHJO"."MEMBER_COUPON_NO_SEQ";
DROP SEQUENCE "WITHJO"."MEMBER_COURSE_RESERVE_NO_SEQ";
DROP SEQUENCE "WITHJO"."MEMBER_E_MONEY_NO_SEQ";
DROP SEQUENCE "WITHJO"."MEMBER_NO_SEQ";
DROP SEQUENCE "WITHJO"."MEMBER_SHOPPING_CART_NO_SEQ";
DROP SEQUENCE "WITHJO"."NOTICE_NO_SEQ";
DROP TABLE "WITHJO"."BOARD" cascade constraints;
DROP TABLE "WITHJO"."CATEGORY" cascade constraints;
DROP TABLE "WITHJO"."COMMENTS" cascade constraints;
DROP TABLE "WITHJO"."COURSE_LIST" cascade constraints;
DROP TABLE "WITHJO"."COURSE_LIST_DAY" cascade constraints;
DROP TABLE "WITHJO"."CUSTOMER" cascade constraints;
DROP TABLE "WITHJO"."DRAWING" cascade constraints;
DROP TABLE "WITHJO"."EVENT" cascade constraints;
DROP TABLE "WITHJO"."LOTTO" cascade constraints;
DROP TABLE "WITHJO"."MEMBER" cascade constraints;
DROP TABLE "WITHJO"."MEMBER_COURSE_RESERVE" cascade constraints;
DROP TABLE "WITHJO"."MEMBER_E_MONEY" cascade constraints;
DROP TABLE "WITHJO"."NOTICE" cascade constraints;
--------------------------------------------------------
--  DDL for Sequence ADMIN_NO_SEQ
--------------------------------------------------------

   CREATE SEQUENCE  "WITHJO"."ADMIN_NO_SEQ"  MINVALUE 1 MAXVALUE 9999999999999999999999999999 INCREMENT BY 1 START WITH 21 CACHE 20 NOORDER  NOCYCLE ;
--------------------------------------------------------
--  DDL for Sequence BOARD_NO_SEQ
--------------------------------------------------------

   CREATE SEQUENCE  "WITHJO"."BOARD_NO_SEQ"  MINVALUE 1 MAXVALUE 9999999999999999999999999999 INCREMENT BY 1 START WITH 81 CACHE 20 NOORDER  NOCYCLE ;
--------------------------------------------------------
--  DDL for Sequence CATEGORY_NO_SEQ
--------------------------------------------------------

   CREATE SEQUENCE  "WITHJO"."CATEGORY_NO_SEQ"  MINVALUE 1 MAXVALUE 9999999999999999999999999999 INCREMENT BY 1 START WITH 21 CACHE 20 NOORDER  NOCYCLE ;
--------------------------------------------------------
--  DDL for Sequence COMMENTS_NO_SEQ
--------------------------------------------------------

   CREATE SEQUENCE  "WITHJO"."COMMENTS_NO_SEQ"  MINVALUE 1 MAXVALUE 9999999999999999999999999999 INCREMENT BY 1 START WITH 61 CACHE 20 NOORDER  NOCYCLE ;
--------------------------------------------------------
--  DDL for Sequence COMMENT_NO_SEQ
--------------------------------------------------------

   CREATE SEQUENCE  "WITHJO"."COMMENT_NO_SEQ"  MINVALUE 1 MAXVALUE 9999999999999999999999999999 INCREMENT BY 1 START WITH 1 CACHE 20 NOORDER  NOCYCLE ;
--------------------------------------------------------
--  DDL for Sequence CONTENT_NO_SEQ
--------------------------------------------------------

   CREATE SEQUENCE  "WITHJO"."CONTENT_NO_SEQ"  MINVALUE 1 MAXVALUE 9999999999999999999999999999 INCREMENT BY 1 START WITH 1 CACHE 20 NOORDER  NOCYCLE ;
--------------------------------------------------------
--  DDL for Sequence COURSE_LIST_DAY_NO_SEQ
--------------------------------------------------------

   CREATE SEQUENCE  "WITHJO"."COURSE_LIST_DAY_NO_SEQ"  MINVALUE 1 MAXVALUE 9999999999999999999999999999 INCREMENT BY 1 START WITH 81 CACHE 20 NOORDER  NOCYCLE ;
--------------------------------------------------------
--  DDL for Sequence COURSE_NO_SEQ
--------------------------------------------------------

   CREATE SEQUENCE  "WITHJO"."COURSE_NO_SEQ"  MINVALUE 1 MAXVALUE 9999999999999999999999999999 INCREMENT BY 1 START WITH 21 CACHE 20 NOORDER  NOCYCLE ;
--------------------------------------------------------
--  DDL for Sequence CUSTOMER_NO_SEQ
--------------------------------------------------------

   CREATE SEQUENCE  "WITHJO"."CUSTOMER_NO_SEQ"  MINVALUE 1 MAXVALUE 9999999999999999999999999999 INCREMENT BY 1 START WITH 21 CACHE 20 NOORDER  NOCYCLE ;
--------------------------------------------------------
--  DDL for Sequence DRAWING_NO_SEQ
--------------------------------------------------------

   CREATE SEQUENCE  "WITHJO"."DRAWING_NO_SEQ"  MINVALUE 1 MAXVALUE 9999999999999999999999999999 INCREMENT BY 1 START WITH 21 CACHE 20 NOORDER  NOCYCLE ;
--------------------------------------------------------
--  DDL for Sequence EVENT_NO_SEQ
--------------------------------------------------------

   CREATE SEQUENCE  "WITHJO"."EVENT_NO_SEQ"  MINVALUE 1 MAXVALUE 9999999999999999999999999999 INCREMENT BY 1 START WITH 21 CACHE 20 NOORDER  NOCYCLE ;
--------------------------------------------------------
--  DDL for Sequence LOTTO_NO_SEQ
--------------------------------------------------------

   CREATE SEQUENCE  "WITHJO"."LOTTO_NO_SEQ"  MINVALUE 1 MAXVALUE 9999999999999999999999999999 INCREMENT BY 1 START WITH 41 CACHE 20 NOORDER  NOCYCLE ;
--------------------------------------------------------
--  DDL for Sequence MEMBER_COUPON_NO_SEQ
--------------------------------------------------------

   CREATE SEQUENCE  "WITHJO"."MEMBER_COUPON_NO_SEQ"  MINVALUE 1 MAXVALUE 9999999999999999999999999999 INCREMENT BY 1 START WITH 1 CACHE 20 NOORDER  NOCYCLE ;
--------------------------------------------------------
--  DDL for Sequence MEMBER_COURSE_RESERVE_NO_SEQ
--------------------------------------------------------

   CREATE SEQUENCE  "WITHJO"."MEMBER_COURSE_RESERVE_NO_SEQ"  MINVALUE 1 MAXVALUE 9999999999999999999999999999 INCREMENT BY 1 START WITH 1 CACHE 20 NOORDER  NOCYCLE ;
--------------------------------------------------------
--  DDL for Sequence MEMBER_E_MONEY_NO_SEQ
--------------------------------------------------------

   CREATE SEQUENCE  "WITHJO"."MEMBER_E_MONEY_NO_SEQ"  MINVALUE 1 MAXVALUE 9999999999999999999999999999 INCREMENT BY 1 START WITH 41 CACHE 20 NOORDER  NOCYCLE ;
--------------------------------------------------------
--  DDL for Sequence MEMBER_NO_SEQ
--------------------------------------------------------

   CREATE SEQUENCE  "WITHJO"."MEMBER_NO_SEQ"  MINVALUE 1 MAXVALUE 9999999999999999999999999999 INCREMENT BY 1 START WITH 41 CACHE 20 NOORDER  NOCYCLE ;
--------------------------------------------------------
--  DDL for Sequence MEMBER_SHOPPING_CART_NO_SEQ
--------------------------------------------------------

   CREATE SEQUENCE  "WITHJO"."MEMBER_SHOPPING_CART_NO_SEQ"  MINVALUE 1 MAXVALUE 9999999999999999999999999999 INCREMENT BY 1 START WITH 1 CACHE 20 NOORDER  NOCYCLE ;
--------------------------------------------------------
--  DDL for Sequence NOTICE_NO_SEQ
--------------------------------------------------------

   CREATE SEQUENCE  "WITHJO"."NOTICE_NO_SEQ"  MINVALUE 1 MAXVALUE 9999999999999999999999999999 INCREMENT BY 1 START WITH 41 CACHE 20 NOORDER  NOCYCLE ;
--------------------------------------------------------
--  DDL for Table BOARD
--------------------------------------------------------

  CREATE TABLE "WITHJO"."BOARD" 
   (	"BOARD_NO" NUMBER(20,0), 
	"MEMBER_NO" NUMBER(10,0), 
	"BOARD_TITLE" VARCHAR2(1000 BYTE), 
	"BOARD_CONTENT" VARCHAR2(3000 BYTE), 
	"BOARD_IMG" VARCHAR2(2000 BYTE), 
	"BOARD_CREDATE" DATE DEFAULT SYSDATE, 
	"BOARD_UPDATE" DATE DEFAULT SYSDATE
   ) SEGMENT CREATION IMMEDIATE 
  PCTFREE 10 PCTUSED 40 INITRANS 1 MAXTRANS 255 NOCOMPRESS LOGGING
  STORAGE(INITIAL 65536 NEXT 1048576 MINEXTENTS 1 MAXEXTENTS 2147483645
  PCTINCREASE 0 FREELISTS 1 FREELIST GROUPS 1 BUFFER_POOL DEFAULT FLASH_CACHE DEFAULT CELL_FLASH_CACHE DEFAULT)
  TABLESPACE "SYSTEM" ;
--------------------------------------------------------
--  DDL for Table CATEGORY
--------------------------------------------------------

  CREATE TABLE "WITHJO"."CATEGORY" 
   (	"CATEGORY_NO" NUMBER(10,0), 
	"CATEGORY_NAME" VARCHAR2(50 BYTE)
   ) SEGMENT CREATION IMMEDIATE 
  PCTFREE 10 PCTUSED 40 INITRANS 1 MAXTRANS 255 NOCOMPRESS LOGGING
  STORAGE(INITIAL 65536 NEXT 1048576 MINEXTENTS 1 MAXEXTENTS 2147483645
  PCTINCREASE 0 FREELISTS 1 FREELIST GROUPS 1 BUFFER_POOL DEFAULT FLASH_CACHE DEFAULT CELL_FLASH_CACHE DEFAULT)
  TABLESPACE "SYSTEM" ;
--------------------------------------------------------
--  DDL for Table COMMENTS
--------------------------------------------------------

  CREATE TABLE "WITHJO"."COMMENTS" 
   (	"COMMENTS_NO" NUMBER(20,0), 
	"BOARD_NO" NUMBER(20,0), 
	"MEMBER_NO" NUMBER(10,0), 
	"COMMENTS_CONTENT" VARCHAR2(1000 BYTE), 
	"COMMENTS_CREDATE" DATE DEFAULT SYSDATE, 
	"COMMENTS_UPDATE" DATE DEFAULT SYSDATE
   ) SEGMENT CREATION IMMEDIATE 
  PCTFREE 10 PCTUSED 40 INITRANS 1 MAXTRANS 255 NOCOMPRESS LOGGING
  STORAGE(INITIAL 65536 NEXT 1048576 MINEXTENTS 1 MAXEXTENTS 2147483645
  PCTINCREASE 0 FREELISTS 1 FREELIST GROUPS 1 BUFFER_POOL DEFAULT FLASH_CACHE DEFAULT CELL_FLASH_CACHE DEFAULT)
  TABLESPACE "SYSTEM" ;
--------------------------------------------------------
--  DDL for Table COURSE_LIST
--------------------------------------------------------

  CREATE TABLE "WITHJO"."COURSE_LIST" 
   (	"COURSE_NO" NUMBER(10,0), 
	"CATEGORY_NO" NUMBER(10,0), 
	"COURSE_NAME" VARCHAR2(200 BYTE), 
	"COURSE_TEACHER" VARCHAR2(100 BYTE), 
	"COURSE_COST" NUMBER(20,0), 
	"COURSE_CURRENT_PEOPLE" NUMBER(20,0), 
	"COURSE_MAX_PEOPLE" NUMBER(20,0), 
	"COURSE_AGE_LIMIT" NUMBER(4,0), 
	"COURSE_START_DATE" DATE, 
	"COURSE_END_DATE" DATE, 
	"COURSE_START_TIME" VARCHAR2(100 BYTE), 
	"COURSE_END_TIME" VARCHAR2(100 BYTE), 
	"COURSE_REC_START" DATE, 
	"COURSE_REC_END" DATE, 
	"COURSE_INFO" VARCHAR2(4000 BYTE), 
	"COURSE_MAIN_IMAGE" VARCHAR2(4000 BYTE), 
	"COURSE_HIDE" NUMBER(5,0) DEFAULT 0
   ) SEGMENT CREATION IMMEDIATE 
  PCTFREE 10 PCTUSED 40 INITRANS 1 MAXTRANS 255 NOCOMPRESS LOGGING
  STORAGE(INITIAL 65536 NEXT 1048576 MINEXTENTS 1 MAXEXTENTS 2147483645
  PCTINCREASE 0 FREELISTS 1 FREELIST GROUPS 1 BUFFER_POOL DEFAULT FLASH_CACHE DEFAULT CELL_FLASH_CACHE DEFAULT)
  TABLESPACE "SYSTEM" ;
--------------------------------------------------------
--  DDL for Table COURSE_LIST_DAY
--------------------------------------------------------

  CREATE TABLE "WITHJO"."COURSE_LIST_DAY" 
   (	"COURSE_LIST_DAY_NO" NUMBER(10,0), 
	"COURSE_NO" NUMBER(10,0), 
	"COURSE_DAY_OF_THE_WEEK" NUMBER(10,0)
   ) SEGMENT CREATION IMMEDIATE 
  PCTFREE 10 PCTUSED 40 INITRANS 1 MAXTRANS 255 NOCOMPRESS LOGGING
  STORAGE(INITIAL 65536 NEXT 1048576 MINEXTENTS 1 MAXEXTENTS 2147483645
  PCTINCREASE 0 FREELISTS 1 FREELIST GROUPS 1 BUFFER_POOL DEFAULT FLASH_CACHE DEFAULT CELL_FLASH_CACHE DEFAULT)
  TABLESPACE "SYSTEM" ;
--------------------------------------------------------
--  DDL for Table CUSTOMER
--------------------------------------------------------

  CREATE TABLE "WITHJO"."CUSTOMER" 
   (	"CUSTOMER_NO" NUMBER(10,0), 
	"MEMBER_Q_NO" NUMBER(10,0), 
	"MEMBER_A_NO" NUMBER(10,0), 
	"CUSTOMER_TITLE" VARCHAR2(500 BYTE), 
	"CUSTOMER_QUE" VARCHAR2(1000 BYTE), 
	"CUSTOMER_ANS" VARCHAR2(1000 BYTE), 
	"CUSTOMER_Q_CREDATE" DATE, 
	"CUSTOMER_A_CREDATE" DATE, 
	"CUSTOMER_CHECK" VARCHAR2(100 BYTE) DEFAULT '답변준비중'
   ) SEGMENT CREATION IMMEDIATE 
  PCTFREE 10 PCTUSED 40 INITRANS 1 MAXTRANS 255 NOCOMPRESS LOGGING
  STORAGE(INITIAL 65536 NEXT 1048576 MINEXTENTS 1 MAXEXTENTS 2147483645
  PCTINCREASE 0 FREELISTS 1 FREELIST GROUPS 1 BUFFER_POOL DEFAULT FLASH_CACHE DEFAULT CELL_FLASH_CACHE DEFAULT)
  TABLESPACE "SYSTEM" ;
--------------------------------------------------------
--  DDL for Table DRAWING
--------------------------------------------------------

  CREATE TABLE "WITHJO"."DRAWING" 
   (	"DRAWING_NO" NUMBER(20,0), 
	"DRAWING_ROUND" NUMBER(20,0), 
	"MEMBER_NO" NUMBER(20,0), 
	"DRAWING_PERSONNEL" NUMBER(20,0), 
	"DRAWING_POINT" NUMBER(20,0), 
	"DRAWING_MEMBER_NO" VARCHAR2(100 BYTE), 
	"DRAWING_MEMBER_ID" VARCHAR2(200 BYTE), 
	"DRAWING_MEMBER_NAME" VARCHAR2(200 BYTE), 
	"DRAWING_START_DATE" VARCHAR2(100 BYTE), 
	"DRAWING_END_DATE" VARCHAR2(100 BYTE), 
	"DRAWING_CREDATE" DATE
   ) SEGMENT CREATION IMMEDIATE 
  PCTFREE 10 PCTUSED 40 INITRANS 1 MAXTRANS 255 NOCOMPRESS LOGGING
  STORAGE(INITIAL 65536 NEXT 1048576 MINEXTENTS 1 MAXEXTENTS 2147483645
  PCTINCREASE 0 FREELISTS 1 FREELIST GROUPS 1 BUFFER_POOL DEFAULT FLASH_CACHE DEFAULT CELL_FLASH_CACHE DEFAULT)
  TABLESPACE "SYSTEM" ;
--------------------------------------------------------
--  DDL for Table EVENT
--------------------------------------------------------

  CREATE TABLE "WITHJO"."EVENT" 
   (	"EVENT_NO" NUMBER(10,0), 
	"EVENT_CATEGORY_NO" NUMBER(10,0), 
	"EVENT_HIDE_SHOW" NUMBER(10,0), 
	"EVENT_CREADATE" DATE, 
	"EVENT_UPDATE" DATE
   ) SEGMENT CREATION IMMEDIATE 
  PCTFREE 10 PCTUSED 40 INITRANS 1 MAXTRANS 255 NOCOMPRESS LOGGING
  STORAGE(INITIAL 65536 NEXT 1048576 MINEXTENTS 1 MAXEXTENTS 2147483645
  PCTINCREASE 0 FREELISTS 1 FREELIST GROUPS 1 BUFFER_POOL DEFAULT FLASH_CACHE DEFAULT CELL_FLASH_CACHE DEFAULT)
  TABLESPACE "SYSTEM" ;
--------------------------------------------------------
--  DDL for Table LOTTO
--------------------------------------------------------

  CREATE TABLE "WITHJO"."LOTTO" 
   (	"LOTTO_NO" NUMBER(10,0), 
	"LOTTO_ROUND" NUMBER(10,0), 
	"LOTTO_ROUND_LIMIT" NUMBER(10,0), 
	"LOTTO_MODE" NUMBER(10,0), 
	"MEMBER_NO" NUMBER(10,0), 
	"LOTTO_WINNING" NUMBER(10,0), 
	"LOTTO_1ST" NUMBER(10,0), 
	"LOTTO_2ND" NUMBER(10,0), 
	"LOTTO_3RD" NUMBER(10,0), 
	"LOTTO_SEL_NO" VARCHAR2(100 BYTE), 
	"LOTTO_START_DATE" VARCHAR2(50 BYTE), 
	"LOTTO_END_DATE" VARCHAR2(50 BYTE), 
	"LOTTO_CREDATE" DATE
   ) SEGMENT CREATION IMMEDIATE 
  PCTFREE 10 PCTUSED 40 INITRANS 1 MAXTRANS 255 NOCOMPRESS LOGGING
  STORAGE(INITIAL 65536 NEXT 1048576 MINEXTENTS 1 MAXEXTENTS 2147483645
  PCTINCREASE 0 FREELISTS 1 FREELIST GROUPS 1 BUFFER_POOL DEFAULT FLASH_CACHE DEFAULT CELL_FLASH_CACHE DEFAULT)
  TABLESPACE "SYSTEM" ;
--------------------------------------------------------
--  DDL for Table MEMBER
--------------------------------------------------------

  CREATE TABLE "WITHJO"."MEMBER" 
   (	"MEMBER_NO" NUMBER(10,0), 
	"MEMBER_ID" VARCHAR2(100 BYTE), 
	"MEMBER_PW" VARCHAR2(100 BYTE), 
	"MEMBER_NAME" VARCHAR2(100 BYTE), 
	"MEMBER_BIRTH_DATE" VARCHAR2(20 BYTE), 
	"MEMBER_PHONE_NUM" VARCHAR2(30 BYTE), 
	"MEMBER_ZIP_CODE" VARCHAR2(20 BYTE), 
	"MEMBER_ADDRESS" VARCHAR2(200 BYTE), 
	"MEMBER_ADDRESS_INFO" VARCHAR2(200 BYTE), 
	"MEMBER_GENDER" NUMBER(4,0), 
	"MEMBER_CREDATE" DATE DEFAULT SYSDATE, 
	"MEMBER_UPDATE" DATE DEFAULT SYSDATE, 
	"MEMBER_E_MONEY" NUMBER(30,0) DEFAULT 50000, 
	"AUTHORITY" NUMBER(10,0) DEFAULT 0
   ) SEGMENT CREATION IMMEDIATE 
  PCTFREE 10 PCTUSED 40 INITRANS 1 MAXTRANS 255 NOCOMPRESS LOGGING
  STORAGE(INITIAL 65536 NEXT 1048576 MINEXTENTS 1 MAXEXTENTS 2147483645
  PCTINCREASE 0 FREELISTS 1 FREELIST GROUPS 1 BUFFER_POOL DEFAULT FLASH_CACHE DEFAULT CELL_FLASH_CACHE DEFAULT)
  TABLESPACE "SYSTEM" ;
--------------------------------------------------------
--  DDL for Table MEMBER_COURSE_RESERVE
--------------------------------------------------------

  CREATE TABLE "WITHJO"."MEMBER_COURSE_RESERVE" 
   (	"MEMBER_COURSE_RESERVE_NO" NUMBER(10,0), 
	"COURSE_NO" NUMBER(10,0), 
	"MEMBER_NO" NUMBER(10,0), 
	"CATEGORY_NO" NUMBER(10,0)
   ) SEGMENT CREATION IMMEDIATE 
  PCTFREE 10 PCTUSED 40 INITRANS 1 MAXTRANS 255 NOCOMPRESS LOGGING
  STORAGE(INITIAL 65536 NEXT 1048576 MINEXTENTS 1 MAXEXTENTS 2147483645
  PCTINCREASE 0 FREELISTS 1 FREELIST GROUPS 1 BUFFER_POOL DEFAULT FLASH_CACHE DEFAULT CELL_FLASH_CACHE DEFAULT)
  TABLESPACE "SYSTEM" ;
--------------------------------------------------------
--  DDL for Table MEMBER_E_MONEY
--------------------------------------------------------

  CREATE TABLE "WITHJO"."MEMBER_E_MONEY" 
   (	"MEMBER_NO" NUMBER(10,0), 
	"MEMBER_E_MONEY_NO" NUMBER(10,0), 
	"MEMBER_E_MONEY_PLUS" NUMBER(30,0) DEFAULT 0, 
	"MEMBER_E_MONEY_PLUS_DETAIL" VARCHAR2(100 BYTE), 
	"MEMBER_E_MONEY_MINUS" NUMBER(30,0) DEFAULT 0, 
	"MEMBER_E_MONEY_MINUS_DETAIL" VARCHAR2(100 BYTE), 
	"MEMBER_E_MONEY_UPDATE" DATE DEFAULT SYSDATE
   ) SEGMENT CREATION IMMEDIATE 
  PCTFREE 10 PCTUSED 40 INITRANS 1 MAXTRANS 255 NOCOMPRESS LOGGING
  STORAGE(INITIAL 65536 NEXT 1048576 MINEXTENTS 1 MAXEXTENTS 2147483645
  PCTINCREASE 0 FREELISTS 1 FREELIST GROUPS 1 BUFFER_POOL DEFAULT FLASH_CACHE DEFAULT CELL_FLASH_CACHE DEFAULT)
  TABLESPACE "SYSTEM" ;
--------------------------------------------------------
--  DDL for Table NOTICE
--------------------------------------------------------

  CREATE TABLE "WITHJO"."NOTICE" 
   (	"NOTICE_NO" NUMBER(10,0), 
	"MEMBER_NO" NUMBER(10,0), 
	"NOTICE_TITLE" VARCHAR2(200 BYTE), 
	"NOTICE_CONTENT" VARCHAR2(1000 BYTE), 
	"NOTICE_IMG" VARCHAR2(2000 BYTE), 
	"NOTICE_CREDATE" DATE DEFAULT SYSDATE, 
	"NOTICE_UPDATE" DATE DEFAULT SYSDATE
   ) SEGMENT CREATION IMMEDIATE 
  PCTFREE 10 PCTUSED 40 INITRANS 1 MAXTRANS 255 NOCOMPRESS LOGGING
  STORAGE(INITIAL 65536 NEXT 1048576 MINEXTENTS 1 MAXEXTENTS 2147483645
  PCTINCREASE 0 FREELISTS 1 FREELIST GROUPS 1 BUFFER_POOL DEFAULT FLASH_CACHE DEFAULT CELL_FLASH_CACHE DEFAULT)
  TABLESPACE "SYSTEM" ;
REM INSERTING into WITHJO.BOARD
SET DEFINE OFF;
Insert into WITHJO.BOARD (BOARD_NO,MEMBER_NO,BOARD_TITLE,BOARD_CONTENT,BOARD_IMG,BOARD_CREDATE,BOARD_UPDATE) values (1,4,'가입 인사 드립니다','안녕하세요 잘 부탁드립니다',null,to_date('24/11/15 11:19:25','RR/MM/DD HH24:MI:SS'),to_date('24/11/15 11:19:25','RR/MM/DD HH24:MI:SS'));
Insert into WITHJO.BOARD (BOARD_NO,MEMBER_NO,BOARD_TITLE,BOARD_CONTENT,BOARD_IMG,BOARD_CREDATE,BOARD_UPDATE) values (2,5,'오늘 점심 메뉴가 뭔가요?','너무 배고픈데, 오늘 점심 메뉴가 무엇인가요?',null,to_date('24/11/15 11:21:10','RR/MM/DD HH24:MI:SS'),to_date('24/11/15 11:21:10','RR/MM/DD HH24:MI:SS'));
Insert into WITHJO.BOARD (BOARD_NO,MEMBER_NO,BOARD_TITLE,BOARD_CONTENT,BOARD_IMG,BOARD_CREDATE,BOARD_UPDATE) values (3,6,'안녕하세요','오늘 가입했습니다!',null,to_date('24/11/15 11:22:52','RR/MM/DD HH24:MI:SS'),to_date('24/11/15 11:22:52','RR/MM/DD HH24:MI:SS'));
Insert into WITHJO.BOARD (BOARD_NO,MEMBER_NO,BOARD_TITLE,BOARD_CONTENT,BOARD_IMG,BOARD_CREDATE,BOARD_UPDATE) values (4,22,'반갑습니다 여러분 ~','처음 가입했습니다 잘 부탁 드립니다',null,to_date('24/11/15 11:24:19','RR/MM/DD HH24:MI:SS'),to_date('24/11/15 11:24:19','RR/MM/DD HH24:MI:SS'));
Insert into WITHJO.BOARD (BOARD_NO,MEMBER_NO,BOARD_TITLE,BOARD_CONTENT,BOARD_IMG,BOARD_CREDATE,BOARD_UPDATE) values (5,7,'로또 당첨되신 분?','당첨이 안되어서 속상하네요 ㅠㅠ',null,to_date('24/11/15 11:24:21','RR/MM/DD HH24:MI:SS'),to_date('24/11/15 11:24:21','RR/MM/DD HH24:MI:SS'));
Insert into WITHJO.BOARD (BOARD_NO,MEMBER_NO,BOARD_TITLE,BOARD_CONTENT,BOARD_IMG,BOARD_CREDATE,BOARD_UPDATE) values (6,8,'반갑습니다','만나서 반가워요 여러분',null,to_date('24/11/15 11:25:03','RR/MM/DD HH24:MI:SS'),to_date('24/11/15 11:25:03','RR/MM/DD HH24:MI:SS'));
Insert into WITHJO.BOARD (BOARD_NO,MEMBER_NO,BOARD_TITLE,BOARD_CONTENT,BOARD_IMG,BOARD_CREDATE,BOARD_UPDATE) values (7,21,'오늘 가입하시는 분들이 많네요','날인가?',null,to_date('24/11/15 11:25:08','RR/MM/DD HH24:MI:SS'),to_date('24/11/15 11:25:08','RR/MM/DD HH24:MI:SS'));
Insert into WITHJO.BOARD (BOARD_NO,MEMBER_NO,BOARD_TITLE,BOARD_CONTENT,BOARD_IMG,BOARD_CREDATE,BOARD_UPDATE) values (8,20,'다들 수강은 머 들으시나요?','ㅈㄱㄴ',null,to_date('24/11/15 11:26:13','RR/MM/DD HH24:MI:SS'),to_date('24/11/15 11:26:13','RR/MM/DD HH24:MI:SS'));
Insert into WITHJO.BOARD (BOARD_NO,MEMBER_NO,BOARD_TITLE,BOARD_CONTENT,BOARD_IMG,BOARD_CREDATE,BOARD_UPDATE) values (9,9,'로또 당첨 됐어요!!!','비록 4등이지만 당첨되어서 기분이 정말 좋네요',null,to_date('24/11/15 11:26:14','RR/MM/DD HH24:MI:SS'),to_date('24/11/15 11:26:14','RR/MM/DD HH24:MI:SS'));
Insert into WITHJO.BOARD (BOARD_NO,MEMBER_NO,BOARD_TITLE,BOARD_CONTENT,BOARD_IMG,BOARD_CREDATE,BOARD_UPDATE) values (10,10,'오늘 오후에 비오나요?','지금은 맑은데 오후에 비가 온다고 해서 걱정이네요',null,to_date('24/11/15 11:27:13','RR/MM/DD HH24:MI:SS'),to_date('24/11/15 11:27:13','RR/MM/DD HH24:MI:SS'));
Insert into WITHJO.BOARD (BOARD_NO,MEMBER_NO,BOARD_TITLE,BOARD_CONTENT,BOARD_IMG,BOARD_CREDATE,BOARD_UPDATE) values (11,18,'수영이랑 골프중에 고민이에요','ㅈㄱㄴ',null,to_date('24/11/15 11:27:14','RR/MM/DD HH24:MI:SS'),to_date('24/11/15 11:27:14','RR/MM/DD HH24:MI:SS'));
Insert into WITHJO.BOARD (BOARD_NO,MEMBER_NO,BOARD_TITLE,BOARD_CONTENT,BOARD_IMG,BOARD_CREDATE,BOARD_UPDATE) values (12,9,'배드민턴 같이 쳐요','댓글 남겨주세요',null,to_date('24/11/15 11:27:47','RR/MM/DD HH24:MI:SS'),to_date('24/11/15 11:27:47','RR/MM/DD HH24:MI:SS'));
Insert into WITHJO.BOARD (BOARD_NO,MEMBER_NO,BOARD_TITLE,BOARD_CONTENT,BOARD_IMG,BOARD_CREDATE,BOARD_UPDATE) values (13,17,'수영강의장 근처에 맛집 있나요?','ㅈㄱㄴ',null,to_date('24/11/15 11:28:37','RR/MM/DD HH24:MI:SS'),to_date('24/11/15 11:28:37','RR/MM/DD HH24:MI:SS'));
Insert into WITHJO.BOARD (BOARD_NO,MEMBER_NO,BOARD_TITLE,BOARD_CONTENT,BOARD_IMG,BOARD_CREDATE,BOARD_UPDATE) values (14,11,'수영 강사님 성함이 뭔가요?','박성욱 강사님이 수영을 담당하시나요?',null,to_date('24/11/15 11:28:42','RR/MM/DD HH24:MI:SS'),to_date('24/11/15 11:28:42','RR/MM/DD HH24:MI:SS'));
Insert into WITHJO.BOARD (BOARD_NO,MEMBER_NO,BOARD_TITLE,BOARD_CONTENT,BOARD_IMG,BOARD_CREDATE,BOARD_UPDATE) values (15,12,'맛점하세요~','ㅈㄱㄴ',null,to_date('24/11/15 11:29:36','RR/MM/DD HH24:MI:SS'),to_date('24/11/15 11:29:36','RR/MM/DD HH24:MI:SS'));
Insert into WITHJO.BOARD (BOARD_NO,MEMBER_NO,BOARD_TITLE,BOARD_CONTENT,BOARD_IMG,BOARD_CREDATE,BOARD_UPDATE) values (16,16,'상현이 바보','ㅈㄱㄴ',null,to_date('24/11/15 11:29:48','RR/MM/DD HH24:MI:SS'),to_date('24/11/15 11:29:48','RR/MM/DD HH24:MI:SS'));
Insert into WITHJO.BOARD (BOARD_NO,MEMBER_NO,BOARD_TITLE,BOARD_CONTENT,BOARD_IMG,BOARD_CREDATE,BOARD_UPDATE) values (17,13,'저녁 먹고 볼링 치러 가실 분?','ㅈㄱㄴ',null,to_date('24/11/15 11:30:38','RR/MM/DD HH24:MI:SS'),to_date('24/11/15 11:30:38','RR/MM/DD HH24:MI:SS'));
Insert into WITHJO.BOARD (BOARD_NO,MEMBER_NO,BOARD_TITLE,BOARD_CONTENT,BOARD_IMG,BOARD_CREDATE,BOARD_UPDATE) values (18,23,'내가왜 바보야','ㅈㄱㄴ',null,to_date('24/11/15 11:30:57','RR/MM/DD HH24:MI:SS'),to_date('24/11/15 11:30:57','RR/MM/DD HH24:MI:SS'));
Insert into WITHJO.BOARD (BOARD_NO,MEMBER_NO,BOARD_TITLE,BOARD_CONTENT,BOARD_IMG,BOARD_CREDATE,BOARD_UPDATE) values (19,14,null,null,null,to_date('24/11/15 11:31:10','RR/MM/DD HH24:MI:SS'),to_date('24/11/15 11:31:10','RR/MM/DD HH24:MI:SS'));
Insert into WITHJO.BOARD (BOARD_NO,MEMBER_NO,BOARD_TITLE,BOARD_CONTENT,BOARD_IMG,BOARD_CREDATE,BOARD_UPDATE) values (20,15,'안녕하세요 ~','잘부탁드립니다',null,to_date('24/11/15 11:31:55','RR/MM/DD HH24:MI:SS'),to_date('24/11/15 11:31:55','RR/MM/DD HH24:MI:SS'));
Insert into WITHJO.BOARD (BOARD_NO,MEMBER_NO,BOARD_TITLE,BOARD_CONTENT,BOARD_IMG,BOARD_CREDATE,BOARD_UPDATE) values (21,14,'런닝하실분?','ㅈㄱㄴ',null,to_date('24/11/15 11:32:05','RR/MM/DD HH24:MI:SS'),to_date('24/11/15 11:32:05','RR/MM/DD HH24:MI:SS'));
Insert into WITHJO.BOARD (BOARD_NO,MEMBER_NO,BOARD_TITLE,BOARD_CONTENT,BOARD_IMG,BOARD_CREDATE,BOARD_UPDATE) values (22,15,'반갑습니다','ㅎㅇ요',null,to_date('24/11/15 11:32:43','RR/MM/DD HH24:MI:SS'),to_date('24/11/15 11:32:43','RR/MM/DD HH24:MI:SS'));
Insert into WITHJO.BOARD (BOARD_NO,MEMBER_NO,BOARD_TITLE,BOARD_CONTENT,BOARD_IMG,BOARD_CREDATE,BOARD_UPDATE) values (23,16,'체육센터 회원권 가격 궁금해요!','ㅈㄱㄴ',null,to_date('24/11/15 11:33:58','RR/MM/DD HH24:MI:SS'),to_date('24/11/15 11:33:58','RR/MM/DD HH24:MI:SS'));
Insert into WITHJO.BOARD (BOARD_NO,MEMBER_NO,BOARD_TITLE,BOARD_CONTENT,BOARD_IMG,BOARD_CREDATE,BOARD_UPDATE) values (24,17,'체육센터에서 다리 운동을 잘하는 팁이 뭘까요?','ㅈㄱㄴ',null,to_date('24/11/15 11:34:34','RR/MM/DD HH24:MI:SS'),to_date('24/11/15 11:34:34','RR/MM/DD HH24:MI:SS'));
Insert into WITHJO.BOARD (BOARD_NO,MEMBER_NO,BOARD_TITLE,BOARD_CONTENT,BOARD_IMG,BOARD_CREDATE,BOARD_UPDATE) values (25,18,'가장 최근에 본 영화는 무엇인가요?','sd',null,to_date('24/11/15 11:35:29','RR/MM/DD HH24:MI:SS'),to_date('24/11/15 11:35:29','RR/MM/DD HH24:MI:SS'));
Insert into WITHJO.BOARD (BOARD_NO,MEMBER_NO,BOARD_TITLE,BOARD_CONTENT,BOARD_IMG,BOARD_CREDATE,BOARD_UPDATE) values (26,15,'다들 이런 날씨엔 옷 머입으시나요?','ㅈㄱㄴ',null,to_date('24/11/15 11:35:50','RR/MM/DD HH24:MI:SS'),to_date('24/11/15 11:35:50','RR/MM/DD HH24:MI:SS'));
Insert into WITHJO.BOARD (BOARD_NO,MEMBER_NO,BOARD_TITLE,BOARD_CONTENT,BOARD_IMG,BOARD_CREDATE,BOARD_UPDATE) values (27,19,'여러분, 최근에 들었던 음악 중 가장 좋았던 곡은?','ㅈㄱㄴ',null,to_date('24/11/15 11:35:58','RR/MM/DD HH24:MI:SS'),to_date('24/11/15 11:35:58','RR/MM/DD HH24:MI:SS'));
Insert into WITHJO.BOARD (BOARD_NO,MEMBER_NO,BOARD_TITLE,BOARD_CONTENT,BOARD_IMG,BOARD_CREDATE,BOARD_UPDATE) values (28,20,'주말 계획은 어떻게 되나요?','ㅈㄱㄴ',null,to_date('24/11/15 11:36:29','RR/MM/DD HH24:MI:SS'),to_date('24/11/15 11:36:29','RR/MM/DD HH24:MI:SS'));
Insert into WITHJO.BOARD (BOARD_NO,MEMBER_NO,BOARD_TITLE,BOARD_CONTENT,BOARD_IMG,BOARD_CREDATE,BOARD_UPDATE) values (29,21,'여행 가고 싶은 나라는 어디인가요?','wrd',null,to_date('24/11/15 11:36:58','RR/MM/DD HH24:MI:SS'),to_date('24/11/15 11:36:58','RR/MM/DD HH24:MI:SS'));
Insert into WITHJO.BOARD (BOARD_NO,MEMBER_NO,BOARD_TITLE,BOARD_CONTENT,BOARD_IMG,BOARD_CREDATE,BOARD_UPDATE) values (30,22,'가장 기억에 남는 어린 시절의 순간은 무엇인가요?','ㅈㄱㄴ',null,to_date('24/11/15 11:38:33','RR/MM/DD HH24:MI:SS'),to_date('24/11/15 11:38:33','RR/MM/DD HH24:MI:SS'));
Insert into WITHJO.BOARD (BOARD_NO,MEMBER_NO,BOARD_TITLE,BOARD_CONTENT,BOARD_IMG,BOARD_CREDATE,BOARD_UPDATE) values (31,4,'오늘 하루 어떻게 보내고 있나요?','ㅈㄱㄴ',null,to_date('24/11/15 11:39:05','RR/MM/DD HH24:MI:SS'),to_date('24/11/15 11:39:05','RR/MM/DD HH24:MI:SS'));
Insert into WITHJO.BOARD (BOARD_NO,MEMBER_NO,BOARD_TITLE,BOARD_CONTENT,BOARD_IMG,BOARD_CREDATE,BOARD_UPDATE) values (32,5,'여러분의 취미가 무엇인가요?','ㅈㄱㄴ',null,to_date('24/11/15 11:39:27','RR/MM/DD HH24:MI:SS'),to_date('24/11/15 11:39:27','RR/MM/DD HH24:MI:SS'));
Insert into WITHJO.BOARD (BOARD_NO,MEMBER_NO,BOARD_TITLE,BOARD_CONTENT,BOARD_IMG,BOARD_CREDATE,BOARD_UPDATE) values (33,6,'가장 좋아하는 TV 프로그램은 무엇인가요?','ㅈㄱㄴ',null,to_date('24/11/15 11:39:52','RR/MM/DD HH24:MI:SS'),to_date('24/11/15 11:39:52','RR/MM/DD HH24:MI:SS'));
Insert into WITHJO.BOARD (BOARD_NO,MEMBER_NO,BOARD_TITLE,BOARD_CONTENT,BOARD_IMG,BOARD_CREDATE,BOARD_UPDATE) values (34,7,'책 읽기 좋아하시나요?','wrs',null,to_date('24/11/15 11:40:18','RR/MM/DD HH24:MI:SS'),to_date('24/11/15 11:40:18','RR/MM/DD HH24:MI:SS'));
Insert into WITHJO.BOARD (BOARD_NO,MEMBER_NO,BOARD_TITLE,BOARD_CONTENT,BOARD_IMG,BOARD_CREDATE,BOARD_UPDATE) values (35,8,'좋아하는 색깔이 무엇인가요?','wrs',null,to_date('24/11/15 11:40:38','RR/MM/DD HH24:MI:SS'),to_date('24/11/15 11:40:38','RR/MM/DD HH24:MI:SS'));
Insert into WITHJO.BOARD (BOARD_NO,MEMBER_NO,BOARD_TITLE,BOARD_CONTENT,BOARD_IMG,BOARD_CREDATE,BOARD_UPDATE) values (36,9,'요즘에 빠져 있는 앱이나 게임이 있으신가요?','wrd',null,to_date('24/11/15 11:41:02','RR/MM/DD HH24:MI:SS'),to_date('24/11/15 11:41:02','RR/MM/DD HH24:MI:SS'));
Insert into WITHJO.BOARD (BOARD_NO,MEMBER_NO,BOARD_TITLE,BOARD_CONTENT,BOARD_IMG,BOARD_CREDATE,BOARD_UPDATE) values (37,10,'가장 좋아하는 음식은 무엇인가요?','wrs',null,to_date('24/11/15 11:41:18','RR/MM/DD HH24:MI:SS'),to_date('24/11/15 11:41:18','RR/MM/DD HH24:MI:SS'));
Insert into WITHJO.BOARD (BOARD_NO,MEMBER_NO,BOARD_TITLE,BOARD_CONTENT,BOARD_IMG,BOARD_CREDATE,BOARD_UPDATE) values (38,11,'가장 최근에 한 재미있는 일은 무엇인가요?','wrs',null,to_date('24/11/15 11:41:37','RR/MM/DD HH24:MI:SS'),to_date('24/11/15 11:41:37','RR/MM/DD HH24:MI:SS'));
Insert into WITHJO.BOARD (BOARD_NO,MEMBER_NO,BOARD_TITLE,BOARD_CONTENT,BOARD_IMG,BOARD_CREDATE,BOARD_UPDATE) values (39,12,'점심 뭐 먹을지 너무 고민 중이에요','wrs',null,to_date('24/11/15 11:42:24','RR/MM/DD HH24:MI:SS'),to_date('24/11/15 11:42:24','RR/MM/DD HH24:MI:SS'));
Insert into WITHJO.BOARD (BOARD_NO,MEMBER_NO,BOARD_TITLE,BOARD_CONTENT,BOARD_IMG,BOARD_CREDATE,BOARD_UPDATE) values (40,13,'어떤 영화 장르를 가장 좋아하시나요?','wrs',null,to_date('24/11/15 11:42:58','RR/MM/DD HH24:MI:SS'),to_date('24/11/15 11:42:58','RR/MM/DD HH24:MI:SS'));
Insert into WITHJO.BOARD (BOARD_NO,MEMBER_NO,BOARD_TITLE,BOARD_CONTENT,BOARD_IMG,BOARD_CREDATE,BOARD_UPDATE) values (41,14,'여러분은 주말에는 주로 무엇을 하세요?','wrs',null,to_date('24/11/15 11:43:28','RR/MM/DD HH24:MI:SS'),to_date('24/11/15 11:43:28','RR/MM/DD HH24:MI:SS'));
Insert into WITHJO.BOARD (BOARD_NO,MEMBER_NO,BOARD_TITLE,BOARD_CONTENT,BOARD_IMG,BOARD_CREDATE,BOARD_UPDATE) values (42,15,'여름휴가 계획이 있나요? 어디로 가고 싶은가요?','aaaa',null,to_date('24/11/15 11:43:56','RR/MM/DD HH24:MI:SS'),to_date('24/11/15 11:43:56','RR/MM/DD HH24:MI:SS'));
Insert into WITHJO.BOARD (BOARD_NO,MEMBER_NO,BOARD_TITLE,BOARD_CONTENT,BOARD_IMG,BOARD_CREDATE,BOARD_UPDATE) values (43,16,'오늘 아침에 어떤걸 드셨나요?','asd',null,to_date('24/11/15 11:44:25','RR/MM/DD HH24:MI:SS'),to_date('24/11/15 11:44:25','RR/MM/DD HH24:MI:SS'));
Insert into WITHJO.BOARD (BOARD_NO,MEMBER_NO,BOARD_TITLE,BOARD_CONTENT,BOARD_IMG,BOARD_CREDATE,BOARD_UPDATE) values (44,17,'혼자 시간을 보낼 때 주로 하는 일은 무엇인가요?','wrs',null,to_date('24/11/15 11:44:57','RR/MM/DD HH24:MI:SS'),to_date('24/11/15 11:44:57','RR/MM/DD HH24:MI:SS'));
Insert into WITHJO.BOARD (BOARD_NO,MEMBER_NO,BOARD_TITLE,BOARD_CONTENT,BOARD_IMG,BOARD_CREDATE,BOARD_UPDATE) values (45,18,'가장 기억에 남는 여행지는 어디인가요?','asd',null,to_date('24/11/15 11:45:16','RR/MM/DD HH24:MI:SS'),to_date('24/11/15 11:45:16','RR/MM/DD HH24:MI:SS'));
Insert into WITHJO.BOARD (BOARD_NO,MEMBER_NO,BOARD_TITLE,BOARD_CONTENT,BOARD_IMG,BOARD_CREDATE,BOARD_UPDATE) values (46,4,'질문이 많네','ㅈㄱㄴ',null,to_date('24/11/15 11:45:45','RR/MM/DD HH24:MI:SS'),to_date('24/11/15 11:45:45','RR/MM/DD HH24:MI:SS'));
Insert into WITHJO.BOARD (BOARD_NO,MEMBER_NO,BOARD_TITLE,BOARD_CONTENT,BOARD_IMG,BOARD_CREDATE,BOARD_UPDATE) values (47,19,'세상에서 가장 맛있는 음식은 무엇이라고 생각하시나요','wrs',null,to_date('24/11/15 11:46:11','RR/MM/DD HH24:MI:SS'),to_date('24/11/15 11:46:11','RR/MM/DD HH24:MI:SS'));
Insert into WITHJO.BOARD (BOARD_NO,MEMBER_NO,BOARD_TITLE,BOARD_CONTENT,BOARD_IMG,BOARD_CREDATE,BOARD_UPDATE) values (48,20,'지금 가장 듣고 싶은 노래를 공유해주세요','wrs',null,to_date('24/11/15 11:46:41','RR/MM/DD HH24:MI:SS'),to_date('24/11/15 11:46:41','RR/MM/DD HH24:MI:SS'));
Insert into WITHJO.BOARD (BOARD_NO,MEMBER_NO,BOARD_TITLE,BOARD_CONTENT,BOARD_IMG,BOARD_CREDATE,BOARD_UPDATE) values (49,21,'독서 좋아하시는분?','wrs',null,to_date('24/11/15 11:47:17','RR/MM/DD HH24:MI:SS'),to_date('24/11/15 11:47:17','RR/MM/DD HH24:MI:SS'));
Insert into WITHJO.BOARD (BOARD_NO,MEMBER_NO,BOARD_TITLE,BOARD_CONTENT,BOARD_IMG,BOARD_CREDATE,BOARD_UPDATE) values (50,13,'다들 감기 조심하세요','ㅈㄱㄴ',null,to_date('24/11/15 11:48:00','RR/MM/DD HH24:MI:SS'),to_date('24/11/15 11:48:00','RR/MM/DD HH24:MI:SS'));
Insert into WITHJO.BOARD (BOARD_NO,MEMBER_NO,BOARD_TITLE,BOARD_CONTENT,BOARD_IMG,BOARD_CREDATE,BOARD_UPDATE) values (51,22,'혹시 요즘 유행하는 음식이나 트렌드가 있다면 알려주실 수 있나요?','ㅈㄱㄴ',null,to_date('24/11/15 11:48:07','RR/MM/DD HH24:MI:SS'),to_date('24/11/15 11:48:07','RR/MM/DD HH24:MI:SS'));
Insert into WITHJO.BOARD (BOARD_NO,MEMBER_NO,BOARD_TITLE,BOARD_CONTENT,BOARD_IMG,BOARD_CREDATE,BOARD_UPDATE) values (52,4,'어떤 계절이 가장 좋으신가요?','저는 가을이 가장 좋아요!','20241115115450324.jpg',to_date('24/11/15 11:48:59','RR/MM/DD HH24:MI:SS'),to_date('24/11/15 11:54:50','RR/MM/DD HH24:MI:SS'));
Insert into WITHJO.BOARD (BOARD_NO,MEMBER_NO,BOARD_TITLE,BOARD_CONTENT,BOARD_IMG,BOARD_CREDATE,BOARD_UPDATE) values (53,5,'들을만한 강의 추천해주세요','처음이라 아직 잘 모르는데, 어떤가요?','20241115115520359.jpg',to_date('24/11/15 11:49:41','RR/MM/DD HH24:MI:SS'),to_date('24/11/15 11:55:20','RR/MM/DD HH24:MI:SS'));
Insert into WITHJO.BOARD (BOARD_NO,MEMBER_NO,BOARD_TITLE,BOARD_CONTENT,BOARD_IMG,BOARD_CREDATE,BOARD_UPDATE) values (54,6,'수영 강사님이 정말 친절하시네요!!','제가 수영은 처음인데, 기초부터 자세히 알려주셔서 정말 좋았어요','20241115115554632.jpg',to_date('24/11/15 11:50:38','RR/MM/DD HH24:MI:SS'),to_date('24/11/15 11:55:54','RR/MM/DD HH24:MI:SS'));
Insert into WITHJO.BOARD (BOARD_NO,MEMBER_NO,BOARD_TITLE,BOARD_CONTENT,BOARD_IMG,BOARD_CREDATE,BOARD_UPDATE) values (55,7,'수영 동아리가 있을까요?','강의 후에도 따로 수영을 할 수 있는 동아리가 있다면 알려주세요
아니면 테니스도 !','20241115115628760.jpg',to_date('24/11/15 11:51:22','RR/MM/DD HH24:MI:SS'),to_date('24/11/15 11:58:22','RR/MM/DD HH24:MI:SS'));
Insert into WITHJO.BOARD (BOARD_NO,MEMBER_NO,BOARD_TITLE,BOARD_CONTENT,BOARD_IMG,BOARD_CREDATE,BOARD_UPDATE) values (56,8,'다들 우산 챙기세요','비가 아침에 비가 안온다 했는데
슬슬 떨어지네요 ㅠ
','20241115115712581.jpg',to_date('24/11/15 11:53:57','RR/MM/DD HH24:MI:SS'),to_date('24/11/15 12:01:44','RR/MM/DD HH24:MI:SS'));
Insert into WITHJO.BOARD (BOARD_NO,MEMBER_NO,BOARD_TITLE,BOARD_CONTENT,BOARD_IMG,BOARD_CREDATE,BOARD_UPDATE) values (57,9,'오전수강은 아무래도 인원이 널널하겠죠?','너무 인원 많으면 떨릴거 같아요','20241115115558069.jpg',to_date('24/11/15 11:55:58','RR/MM/DD HH24:MI:SS'),to_date('24/11/15 12:02:48','RR/MM/DD HH24:MI:SS'));
Insert into WITHJO.BOARD (BOARD_NO,MEMBER_NO,BOARD_TITLE,BOARD_CONTENT,BOARD_IMG,BOARD_CREDATE,BOARD_UPDATE) values (58,10,'로또 1등 당첨됬어요 !','매 회차 마다 하는 재미가 있네요
다들 포인트 당첨 얼마나 되셨나요?','20241115115703676.jpg',to_date('24/11/15 11:57:03','RR/MM/DD HH24:MI:SS'),to_date('24/11/15 12:04:40','RR/MM/DD HH24:MI:SS'));
Insert into WITHJO.BOARD (BOARD_NO,MEMBER_NO,BOARD_TITLE,BOARD_CONTENT,BOARD_IMG,BOARD_CREDATE,BOARD_UPDATE) values (59,11,'체육센터에서는 체중 감량에 도움이 되는 운동 프로그램이 있나요?','다이어트를 시작하려고 하는데, 프로그램 추천 해주시면 감사하겠습니다','20241115115757159.jpg',to_date('24/11/15 11:57:57','RR/MM/DD HH24:MI:SS'),to_date('24/11/15 11:57:57','RR/MM/DD HH24:MI:SS'));
Insert into WITHJO.BOARD (BOARD_NO,MEMBER_NO,BOARD_TITLE,BOARD_CONTENT,BOARD_IMG,BOARD_CREDATE,BOARD_UPDATE) values (60,12,'요가 하시는분 ~','요가 해보려 하는데 어떤가요?
남성분들도 좀 계신가?','20241115115909054.jpg',to_date('24/11/15 11:59:09','RR/MM/DD HH24:MI:SS'),to_date('24/11/15 12:06:18','RR/MM/DD HH24:MI:SS'));
Insert into WITHJO.BOARD (BOARD_NO,MEMBER_NO,BOARD_TITLE,BOARD_CONTENT,BOARD_IMG,BOARD_CREDATE,BOARD_UPDATE) values (61,23,'다들 맞점하세요 ~','오늘은 제육볶음 !','20241115120921278.jpg',to_date('24/11/15 12:09:21','RR/MM/DD HH24:MI:SS'),to_date('24/11/15 12:09:21','RR/MM/DD HH24:MI:SS'));
REM INSERTING into WITHJO.CATEGORY
SET DEFINE OFF;
Insert into WITHJO.CATEGORY (CATEGORY_NO,CATEGORY_NAME) values (1,'수영');
Insert into WITHJO.CATEGORY (CATEGORY_NO,CATEGORY_NAME) values (2,'테니스');
Insert into WITHJO.CATEGORY (CATEGORY_NO,CATEGORY_NAME) values (3,'탁구');
Insert into WITHJO.CATEGORY (CATEGORY_NO,CATEGORY_NAME) values (4,'골프');
Insert into WITHJO.CATEGORY (CATEGORY_NO,CATEGORY_NAME) values (5,'요가');
REM INSERTING into WITHJO.COMMENTS
SET DEFINE OFF;
Insert into WITHJO.COMMENTS (COMMENTS_NO,BOARD_NO,MEMBER_NO,COMMENTS_CONTENT,COMMENTS_CREDATE,COMMENTS_UPDATE) values (1,52,5,'저는 여름이 좋아요',to_date('24/11/15 11:49:37','RR/MM/DD HH24:MI:SS'),to_date('24/11/15 11:49:37','RR/MM/DD HH24:MI:SS'));
Insert into WITHJO.COMMENTS (COMMENTS_NO,BOARD_NO,MEMBER_NO,COMMENTS_CONTENT,COMMENTS_CREDATE,COMMENTS_UPDATE) values (2,52,10,'저도 여름이요!',to_date('24/11/15 11:50:02','RR/MM/DD HH24:MI:SS'),to_date('24/11/15 11:50:02','RR/MM/DD HH24:MI:SS'));
Insert into WITHJO.COMMENTS (COMMENTS_NO,BOARD_NO,MEMBER_NO,COMMENTS_CONTENT,COMMENTS_CREDATE,COMMENTS_UPDATE) values (3,52,8,'가을이 선선하니 좋죠',to_date('24/11/15 11:50:29','RR/MM/DD HH24:MI:SS'),to_date('24/11/15 11:50:29','RR/MM/DD HH24:MI:SS'));
Insert into WITHJO.COMMENTS (COMMENTS_NO,BOARD_NO,MEMBER_NO,COMMENTS_CONTENT,COMMENTS_CREDATE,COMMENTS_UPDATE) values (4,53,4,'수영이랑 탁구가 배우기 좋을거 같드라구여',to_date('24/11/15 11:51:12','RR/MM/DD HH24:MI:SS'),to_date('24/11/15 11:51:12','RR/MM/DD HH24:MI:SS'));
Insert into WITHJO.COMMENTS (COMMENTS_NO,BOARD_NO,MEMBER_NO,COMMENTS_CONTENT,COMMENTS_CREDATE,COMMENTS_UPDATE) values (5,53,5,'수영도 많이 들 하시고 테니스도 좋을거 같아요 ',to_date('24/11/15 11:52:35','RR/MM/DD HH24:MI:SS'),to_date('24/11/15 11:52:35','RR/MM/DD HH24:MI:SS'));
Insert into WITHJO.COMMENTS (COMMENTS_NO,BOARD_NO,MEMBER_NO,COMMENTS_CONTENT,COMMENTS_CREDATE,COMMENTS_UPDATE) values (6,54,11,'어 저도 배우고 싶은데 강사님 성함이 어떻게 되시나요?',to_date('24/11/15 11:53:46','RR/MM/DD HH24:MI:SS'),to_date('24/11/15 11:53:46','RR/MM/DD HH24:MI:SS'));
Insert into WITHJO.COMMENTS (COMMENTS_NO,BOARD_NO,MEMBER_NO,COMMENTS_CONTENT,COMMENTS_CREDATE,COMMENTS_UPDATE) values (7,51,13,'저는 요즘 나시고랭만 먹고있어요~',to_date('24/11/15 12:01:20','RR/MM/DD HH24:MI:SS'),to_date('24/11/15 12:01:20','RR/MM/DD HH24:MI:SS'));
Insert into WITHJO.COMMENTS (COMMENTS_NO,BOARD_NO,MEMBER_NO,COMMENTS_CONTENT,COMMENTS_CREDATE,COMMENTS_UPDATE) values (8,53,11,'요가가 다이어트 하기에도 좋고 재미있어요',to_date('24/11/15 12:02:21','RR/MM/DD HH24:MI:SS'),to_date('24/11/15 12:02:21','RR/MM/DD HH24:MI:SS'));
Insert into WITHJO.COMMENTS (COMMENTS_NO,BOARD_NO,MEMBER_NO,COMMENTS_CONTENT,COMMENTS_CREDATE,COMMENTS_UPDATE) values (9,55,11,'수영 동아리는 없는걸로 알고 있어요!',to_date('24/11/15 12:03:00','RR/MM/DD HH24:MI:SS'),to_date('24/11/15 12:03:00','RR/MM/DD HH24:MI:SS'));
Insert into WITHJO.COMMENTS (COMMENTS_NO,BOARD_NO,MEMBER_NO,COMMENTS_CONTENT,COMMENTS_CREDATE,COMMENTS_UPDATE) values (10,51,14,'불닭볶음면이랑 삼각김밥 조합이 정말 좋아요',to_date('24/11/15 12:04:12','RR/MM/DD HH24:MI:SS'),to_date('24/11/15 12:04:12','RR/MM/DD HH24:MI:SS'));
Insert into WITHJO.COMMENTS (COMMENTS_NO,BOARD_NO,MEMBER_NO,COMMENTS_CONTENT,COMMENTS_CREDATE,COMMENTS_UPDATE) values (11,53,14,'처음에는 친구 따라서 탁구를 배우러 왔었는데
정말 재미있어서 매일 연습하고 있어요',to_date('24/11/15 12:05:30','RR/MM/DD HH24:MI:SS'),to_date('24/11/15 12:05:30','RR/MM/DD HH24:MI:SS'));
Insert into WITHJO.COMMENTS (COMMENTS_NO,BOARD_NO,MEMBER_NO,COMMENTS_CONTENT,COMMENTS_CREDATE,COMMENTS_UPDATE) values (12,54,14,'박성욱 강사님이에요!',to_date('24/11/15 12:05:48','RR/MM/DD HH24:MI:SS'),to_date('24/11/15 12:05:48','RR/MM/DD HH24:MI:SS'));
Insert into WITHJO.COMMENTS (COMMENTS_NO,BOARD_NO,MEMBER_NO,COMMENTS_CONTENT,COMMENTS_CREDATE,COMMENTS_UPDATE) values (13,57,23,'오전이 아무래도 널널한 편이죠',to_date('24/11/15 12:07:07','RR/MM/DD HH24:MI:SS'),to_date('24/11/15 12:07:07','RR/MM/DD HH24:MI:SS'));
Insert into WITHJO.COMMENTS (COMMENTS_NO,BOARD_NO,MEMBER_NO,COMMENTS_CONTENT,COMMENTS_CREDATE,COMMENTS_UPDATE) values (14,55,14,'테니스도 동아리는 따로 없지만
강의 후에 남은 시간동안 연습하실 수 있어요!',to_date('24/11/15 12:07:08','RR/MM/DD HH24:MI:SS'),to_date('24/11/15 12:07:08','RR/MM/DD HH24:MI:SS'));
Insert into WITHJO.COMMENTS (COMMENTS_NO,BOARD_NO,MEMBER_NO,COMMENTS_CONTENT,COMMENTS_CREDATE,COMMENTS_UPDATE) values (15,56,23,'헉 안챙겼는데 큰일이네요ㅠ',to_date('24/11/15 12:08:12','RR/MM/DD HH24:MI:SS'),to_date('24/11/15 12:08:12','RR/MM/DD HH24:MI:SS'));
Insert into WITHJO.COMMENTS (COMMENTS_NO,BOARD_NO,MEMBER_NO,COMMENTS_CONTENT,COMMENTS_CREDATE,COMMENTS_UPDATE) values (16,52,15,'겨울에 내리는 눈이 좋아서 저는 겨울이요!',to_date('24/11/15 12:09:04','RR/MM/DD HH24:MI:SS'),to_date('24/11/15 12:09:04','RR/MM/DD HH24:MI:SS'));
Insert into WITHJO.COMMENTS (COMMENTS_NO,BOARD_NO,MEMBER_NO,COMMENTS_CONTENT,COMMENTS_CREDATE,COMMENTS_UPDATE) values (17,54,15,'강사님이 정말 친절하셔서 
저도 배우기가 좋았어요',to_date('24/11/15 12:09:37','RR/MM/DD HH24:MI:SS'),to_date('24/11/15 12:09:37','RR/MM/DD HH24:MI:SS'));
Insert into WITHJO.COMMENTS (COMMENTS_NO,BOARD_NO,MEMBER_NO,COMMENTS_CONTENT,COMMENTS_CREDATE,COMMENTS_UPDATE) values (18,58,23,'저는 3등밖에 못해봤어요 ㅠ',to_date('24/11/15 12:09:50','RR/MM/DD HH24:MI:SS'),to_date('24/11/15 12:09:50','RR/MM/DD HH24:MI:SS'));
Insert into WITHJO.COMMENTS (COMMENTS_NO,BOARD_NO,MEMBER_NO,COMMENTS_CONTENT,COMMENTS_CREDATE,COMMENTS_UPDATE) values (19,55,15,'수영 동아리는 없어요',to_date('24/11/15 12:09:53','RR/MM/DD HH24:MI:SS'),to_date('24/11/15 12:09:53','RR/MM/DD HH24:MI:SS'));
Insert into WITHJO.COMMENTS (COMMENTS_NO,BOARD_NO,MEMBER_NO,COMMENTS_CONTENT,COMMENTS_CREDATE,COMMENTS_UPDATE) values (20,56,16,'알려주셔서 감사합니다~',to_date('24/11/15 12:11:10','RR/MM/DD HH24:MI:SS'),to_date('24/11/15 12:11:10','RR/MM/DD HH24:MI:SS'));
Insert into WITHJO.COMMENTS (COMMENTS_NO,BOARD_NO,MEMBER_NO,COMMENTS_CONTENT,COMMENTS_CREDATE,COMMENTS_UPDATE) values (21,59,16,'요가가 좋아요',to_date('24/11/15 12:11:26','RR/MM/DD HH24:MI:SS'),to_date('24/11/15 12:11:26','RR/MM/DD HH24:MI:SS'));
Insert into WITHJO.COMMENTS (COMMENTS_NO,BOARD_NO,MEMBER_NO,COMMENTS_CONTENT,COMMENTS_CREDATE,COMMENTS_UPDATE) values (22,61,22,'맛있게 드세요!',to_date('24/11/15 12:24:14','RR/MM/DD HH24:MI:SS'),to_date('24/11/15 12:24:14','RR/MM/DD HH24:MI:SS'));
Insert into WITHJO.COMMENTS (COMMENTS_NO,BOARD_NO,MEMBER_NO,COMMENTS_CONTENT,COMMENTS_CREDATE,COMMENTS_UPDATE) values (23,59,22,'다이어트에는 요가가 최고에요!',to_date('24/11/15 12:24:39','RR/MM/DD HH24:MI:SS'),to_date('24/11/15 12:24:39','RR/MM/DD HH24:MI:SS'));
Insert into WITHJO.COMMENTS (COMMENTS_NO,BOARD_NO,MEMBER_NO,COMMENTS_CONTENT,COMMENTS_CREDATE,COMMENTS_UPDATE) values (24,56,22,'저도 우산을 안 가져와서 
근처 편의점에서 구매했어요 ㅠㅠ',to_date('24/11/15 12:25:08','RR/MM/DD HH24:MI:SS'),to_date('24/11/15 12:25:08','RR/MM/DD HH24:MI:SS'));
Insert into WITHJO.COMMENTS (COMMENTS_NO,BOARD_NO,MEMBER_NO,COMMENTS_CONTENT,COMMENTS_CREDATE,COMMENTS_UPDATE) values (25,58,22,'와 정말 축하드려요!!!',to_date('24/11/15 12:25:35','RR/MM/DD HH24:MI:SS'),to_date('24/11/15 12:25:35','RR/MM/DD HH24:MI:SS'));
Insert into WITHJO.COMMENTS (COMMENTS_NO,BOARD_NO,MEMBER_NO,COMMENTS_CONTENT,COMMENTS_CREDATE,COMMENTS_UPDATE) values (26,57,22,'오전은 확실히 오후보다 인원이 적죠~',to_date('24/11/15 12:26:00','RR/MM/DD HH24:MI:SS'),to_date('24/11/15 12:26:00','RR/MM/DD HH24:MI:SS'));
Insert into WITHJO.COMMENTS (COMMENTS_NO,BOARD_NO,MEMBER_NO,COMMENTS_CONTENT,COMMENTS_CREDATE,COMMENTS_UPDATE) values (27,53,22,'탁구요!!',to_date('24/11/15 12:26:34','RR/MM/DD HH24:MI:SS'),to_date('24/11/15 12:26:34','RR/MM/DD HH24:MI:SS'));
Insert into WITHJO.COMMENTS (COMMENTS_NO,BOARD_NO,MEMBER_NO,COMMENTS_CONTENT,COMMENTS_CREDATE,COMMENTS_UPDATE) values (28,55,22,'없어요',to_date('24/11/15 12:26:55','RR/MM/DD HH24:MI:SS'),to_date('24/11/15 12:26:55','RR/MM/DD HH24:MI:SS'));
Insert into WITHJO.COMMENTS (COMMENTS_NO,BOARD_NO,MEMBER_NO,COMMENTS_CONTENT,COMMENTS_CREDATE,COMMENTS_UPDATE) values (29,61,21,'근처에 제육볶음 맛집이 있나요?',to_date('24/11/15 12:27:36','RR/MM/DD HH24:MI:SS'),to_date('24/11/15 12:27:36','RR/MM/DD HH24:MI:SS'));
Insert into WITHJO.COMMENTS (COMMENTS_NO,BOARD_NO,MEMBER_NO,COMMENTS_CONTENT,COMMENTS_CREDATE,COMMENTS_UPDATE) values (30,60,21,'남성분들도 있으셔요!',to_date('24/11/15 12:27:56','RR/MM/DD HH24:MI:SS'),to_date('24/11/15 12:27:56','RR/MM/DD HH24:MI:SS'));
Insert into WITHJO.COMMENTS (COMMENTS_NO,BOARD_NO,MEMBER_NO,COMMENTS_CONTENT,COMMENTS_CREDATE,COMMENTS_UPDATE) values (31,59,21,'저도 요가가 좋다고 생각해요',to_date('24/11/15 12:28:12','RR/MM/DD HH24:MI:SS'),to_date('24/11/15 12:28:12','RR/MM/DD HH24:MI:SS'));
Insert into WITHJO.COMMENTS (COMMENTS_NO,BOARD_NO,MEMBER_NO,COMMENTS_CONTENT,COMMENTS_CREDATE,COMMENTS_UPDATE) values (32,56,21,'저도 아침에는 비가 안온다고 해서 우산을 안챙겨왔어요 ㅠㅠ',to_date('24/11/15 12:28:49','RR/MM/DD HH24:MI:SS'),to_date('24/11/15 12:28:49','RR/MM/DD HH24:MI:SS'));
Insert into WITHJO.COMMENTS (COMMENTS_NO,BOARD_NO,MEMBER_NO,COMMENTS_CONTENT,COMMENTS_CREDATE,COMMENTS_UPDATE) values (33,52,21,'저도 가을이 좋아요!',to_date('24/11/15 12:29:08','RR/MM/DD HH24:MI:SS'),to_date('24/11/15 12:29:08','RR/MM/DD HH24:MI:SS'));
Insert into WITHJO.COMMENTS (COMMENTS_NO,BOARD_NO,MEMBER_NO,COMMENTS_CONTENT,COMMENTS_CREDATE,COMMENTS_UPDATE) values (34,54,21,'저도 수영을 배울 예정인데
강사님이 친절하시다니 다행이네요~',to_date('24/11/15 12:29:35','RR/MM/DD HH24:MI:SS'),to_date('24/11/15 12:29:35','RR/MM/DD HH24:MI:SS'));
Insert into WITHJO.COMMENTS (COMMENTS_NO,BOARD_NO,MEMBER_NO,COMMENTS_CONTENT,COMMENTS_CREDATE,COMMENTS_UPDATE) values (35,58,21,'저도 언젠가는 당첨되고 싶네요',to_date('24/11/15 12:30:06','RR/MM/DD HH24:MI:SS'),to_date('24/11/15 12:30:06','RR/MM/DD HH24:MI:SS'));
Insert into WITHJO.COMMENTS (COMMENTS_NO,BOARD_NO,MEMBER_NO,COMMENTS_CONTENT,COMMENTS_CREDATE,COMMENTS_UPDATE) values (36,61,20,'저는 간단하게 컵라면으로 해결하려고요',to_date('24/11/15 12:31:01','RR/MM/DD HH24:MI:SS'),to_date('24/11/15 12:31:01','RR/MM/DD HH24:MI:SS'));
Insert into WITHJO.COMMENTS (COMMENTS_NO,BOARD_NO,MEMBER_NO,COMMENTS_CONTENT,COMMENTS_CREDATE,COMMENTS_UPDATE) values (37,57,20,'맞아요! 오전에 인원이 적어서 배우기가 편했어요',to_date('24/11/15 12:31:34','RR/MM/DD HH24:MI:SS'),to_date('24/11/15 12:31:34','RR/MM/DD HH24:MI:SS'));
Insert into WITHJO.COMMENTS (COMMENTS_NO,BOARD_NO,MEMBER_NO,COMMENTS_CONTENT,COMMENTS_CREDATE,COMMENTS_UPDATE) values (38,60,20,'아무래도 여성분들이 많은 편이긴 하죠
그래도 남성분들도 조금 있어요',to_date('24/11/15 12:32:28','RR/MM/DD HH24:MI:SS'),to_date('24/11/15 12:32:28','RR/MM/DD HH24:MI:SS'));
Insert into WITHJO.COMMENTS (COMMENTS_NO,BOARD_NO,MEMBER_NO,COMMENTS_CONTENT,COMMENTS_CREDATE,COMMENTS_UPDATE) values (39,59,20,'요가도 좋지만, 저는 테니스를 추천해요',to_date('24/11/15 12:33:14','RR/MM/DD HH24:MI:SS'),to_date('24/11/15 12:33:14','RR/MM/DD HH24:MI:SS'));
Insert into WITHJO.COMMENTS (COMMENTS_NO,BOARD_NO,MEMBER_NO,COMMENTS_CONTENT,COMMENTS_CREDATE,COMMENTS_UPDATE) values (40,60,20,'남자 회원분들도 계셔요',to_date('24/11/15 12:34:10','RR/MM/DD HH24:MI:SS'),to_date('24/11/15 12:34:10','RR/MM/DD HH24:MI:SS'));
Insert into WITHJO.COMMENTS (COMMENTS_NO,BOARD_NO,MEMBER_NO,COMMENTS_CONTENT,COMMENTS_CREDATE,COMMENTS_UPDATE) values (41,58,20,'대박',to_date('24/11/15 12:34:21','RR/MM/DD HH24:MI:SS'),to_date('24/11/15 12:34:21','RR/MM/DD HH24:MI:SS'));
Insert into WITHJO.COMMENTS (COMMENTS_NO,BOARD_NO,MEMBER_NO,COMMENTS_CONTENT,COMMENTS_CREDATE,COMMENTS_UPDATE) values (42,56,20,'아...우산을 준비를 못 했는데, 사야겠네요 ',to_date('24/11/15 12:34:50','RR/MM/DD HH24:MI:SS'),to_date('24/11/15 12:34:50','RR/MM/DD HH24:MI:SS'));
REM INSERTING into WITHJO.COURSE_LIST
SET DEFINE OFF;
Insert into WITHJO.COURSE_LIST (COURSE_NO,CATEGORY_NO,COURSE_NAME,COURSE_TEACHER,COURSE_COST,COURSE_CURRENT_PEOPLE,COURSE_MAX_PEOPLE,COURSE_AGE_LIMIT,COURSE_START_DATE,COURSE_END_DATE,COURSE_START_TIME,COURSE_END_TIME,COURSE_REC_START,COURSE_REC_END,COURSE_INFO,COURSE_MAIN_IMAGE,COURSE_HIDE) values (1,2,'테니스 오전 성인반','김석호',18000,0,20,20,to_date('25/01/02 00:00:00','RR/MM/DD HH24:MI:SS'),to_date('25/03/31 00:00:00','RR/MM/DD HH24:MI:SS'),'10:00:00','12:00',to_date('24/12/15 00:00:00','RR/MM/DD HH24:MI:SS'),to_date('24/12/20 00:00:00','RR/MM/DD HH24:MI:SS'),'null','b7a9749812144badb475b9769640407c.jpg',0);
Insert into WITHJO.COURSE_LIST (COURSE_NO,CATEGORY_NO,COURSE_NAME,COURSE_TEACHER,COURSE_COST,COURSE_CURRENT_PEOPLE,COURSE_MAX_PEOPLE,COURSE_AGE_LIMIT,COURSE_START_DATE,COURSE_END_DATE,COURSE_START_TIME,COURSE_END_TIME,COURSE_REC_START,COURSE_REC_END,COURSE_INFO,COURSE_MAIN_IMAGE,COURSE_HIDE) values (2,3,'탁구 오전 어린이반','김탁구',15000,0,20,9,to_date('25/01/02 00:00:00','RR/MM/DD HH24:MI:SS'),to_date('25/03/31 00:00:00','RR/MM/DD HH24:MI:SS'),'10:00:00','10:00:00',to_date('24/12/15 00:00:00','RR/MM/DD HH24:MI:SS'),to_date('24/12/20 00:00:00','RR/MM/DD HH24:MI:SS'),'null','7328e7d8af5f4981b4414d6c5f174be8.jpg',0);
Insert into WITHJO.COURSE_LIST (COURSE_NO,CATEGORY_NO,COURSE_NAME,COURSE_TEACHER,COURSE_COST,COURSE_CURRENT_PEOPLE,COURSE_MAX_PEOPLE,COURSE_AGE_LIMIT,COURSE_START_DATE,COURSE_END_DATE,COURSE_START_TIME,COURSE_END_TIME,COURSE_REC_START,COURSE_REC_END,COURSE_INFO,COURSE_MAIN_IMAGE,COURSE_HIDE) values (3,2,'테니스 오후 청소년반','박효준',35000,0,20,19,to_date('24/12/01 00:00:00','RR/MM/DD HH24:MI:SS'),to_date('25/01/31 00:00:00','RR/MM/DD HH24:MI:SS'),'14:00:00','14:00:00',to_date('24/11/18 00:00:00','RR/MM/DD HH24:MI:SS'),to_date('24/11/21 00:00:00','RR/MM/DD HH24:MI:SS'),null,'28f1dd03a6fe4675b4ca3a6221feb630.jpg',0);
Insert into WITHJO.COURSE_LIST (COURSE_NO,CATEGORY_NO,COURSE_NAME,COURSE_TEACHER,COURSE_COST,COURSE_CURRENT_PEOPLE,COURSE_MAX_PEOPLE,COURSE_AGE_LIMIT,COURSE_START_DATE,COURSE_END_DATE,COURSE_START_TIME,COURSE_END_TIME,COURSE_REC_START,COURSE_REC_END,COURSE_INFO,COURSE_MAIN_IMAGE,COURSE_HIDE) values (4,2,'테니스 오후 성인반','김진우',17000,0,20,20,to_date('24/12/01 00:00:00','RR/MM/DD HH24:MI:SS'),to_date('25/01/31 00:00:00','RR/MM/DD HH24:MI:SS'),'14:00:00','14:00:00',to_date('24/11/18 00:00:00','RR/MM/DD HH24:MI:SS'),to_date('24/11/21 00:00:00','RR/MM/DD HH24:MI:SS'),null,'583f474690fc47558a7c55ad80cb252a.jpg',0);
Insert into WITHJO.COURSE_LIST (COURSE_NO,CATEGORY_NO,COURSE_NAME,COURSE_TEACHER,COURSE_COST,COURSE_CURRENT_PEOPLE,COURSE_MAX_PEOPLE,COURSE_AGE_LIMIT,COURSE_START_DATE,COURSE_END_DATE,COURSE_START_TIME,COURSE_END_TIME,COURSE_REC_START,COURSE_REC_END,COURSE_INFO,COURSE_MAIN_IMAGE,COURSE_HIDE) values (5,3,'탁구 오후 어린이반','이윤화',12000,0,20,13,to_date('24/12/01 00:00:00','RR/MM/DD HH24:MI:SS'),to_date('25/01/31 00:00:00','RR/MM/DD HH24:MI:SS'),'14:00:00','14:00:00',to_date('24/11/18 00:00:00','RR/MM/DD HH24:MI:SS'),to_date('24/11/21 00:00:00','RR/MM/DD HH24:MI:SS'),null,'9b3dd3a90e674a20931f75b03fa18866.jpg',0);
Insert into WITHJO.COURSE_LIST (COURSE_NO,CATEGORY_NO,COURSE_NAME,COURSE_TEACHER,COURSE_COST,COURSE_CURRENT_PEOPLE,COURSE_MAX_PEOPLE,COURSE_AGE_LIMIT,COURSE_START_DATE,COURSE_END_DATE,COURSE_START_TIME,COURSE_END_TIME,COURSE_REC_START,COURSE_REC_END,COURSE_INFO,COURSE_MAIN_IMAGE,COURSE_HIDE) values (6,3,'탁구 오전 어린이반','송효주',35000,0,20,13,to_date('24/12/01 00:00:00','RR/MM/DD HH24:MI:SS'),to_date('25/01/31 00:00:00','RR/MM/DD HH24:MI:SS'),'09:00','09:00',to_date('24/11/18 00:00:00','RR/MM/DD HH24:MI:SS'),to_date('24/11/21 00:00:00','RR/MM/DD HH24:MI:SS'),'null','791a570c70f941aeb67d22f5ffca7305.png',0);
Insert into WITHJO.COURSE_LIST (COURSE_NO,CATEGORY_NO,COURSE_NAME,COURSE_TEACHER,COURSE_COST,COURSE_CURRENT_PEOPLE,COURSE_MAX_PEOPLE,COURSE_AGE_LIMIT,COURSE_START_DATE,COURSE_END_DATE,COURSE_START_TIME,COURSE_END_TIME,COURSE_REC_START,COURSE_REC_END,COURSE_INFO,COURSE_MAIN_IMAGE,COURSE_HIDE) values (7,2,'수영 오전 청소년반','임예슬',18000,0,16,19,to_date('24/12/01 00:00:00','RR/MM/DD HH24:MI:SS'),to_date('25/01/31 00:00:00','RR/MM/DD HH24:MI:SS'),'14:00:00','14:00:00',to_date('24/11/18 00:00:00','RR/MM/DD HH24:MI:SS'),to_date('24/11/21 00:00:00','RR/MM/DD HH24:MI:SS'),null,'9225868523fe4de49583356cde5a8a81.jpg',0);
Insert into WITHJO.COURSE_LIST (COURSE_NO,CATEGORY_NO,COURSE_NAME,COURSE_TEACHER,COURSE_COST,COURSE_CURRENT_PEOPLE,COURSE_MAX_PEOPLE,COURSE_AGE_LIMIT,COURSE_START_DATE,COURSE_END_DATE,COURSE_START_TIME,COURSE_END_TIME,COURSE_REC_START,COURSE_REC_END,COURSE_INFO,COURSE_MAIN_IMAGE,COURSE_HIDE) values (8,3,'골프 오전 성인반','조무연',17000,0,20,20,to_date('24/12/01 00:00:00','RR/MM/DD HH24:MI:SS'),to_date('25/01/31 00:00:00','RR/MM/DD HH24:MI:SS'),'14:00:00','14:00:00',to_date('24/11/18 00:00:00','RR/MM/DD HH24:MI:SS'),to_date('24/11/21 00:00:00','RR/MM/DD HH24:MI:SS'),null,'e14b027ef707444ab10c988f5d1b2b42.jpg',0);
Insert into WITHJO.COURSE_LIST (COURSE_NO,CATEGORY_NO,COURSE_NAME,COURSE_TEACHER,COURSE_COST,COURSE_CURRENT_PEOPLE,COURSE_MAX_PEOPLE,COURSE_AGE_LIMIT,COURSE_START_DATE,COURSE_END_DATE,COURSE_START_TIME,COURSE_END_TIME,COURSE_REC_START,COURSE_REC_END,COURSE_INFO,COURSE_MAIN_IMAGE,COURSE_HIDE) values (9,3,'골프 오후 성인반','김성우',24000,0,20,20,to_date('24/12/01 00:00:00','RR/MM/DD HH24:MI:SS'),to_date('25/01/31 00:00:00','RR/MM/DD HH24:MI:SS'),'14:00:00','14:00:00',to_date('24/11/18 00:00:00','RR/MM/DD HH24:MI:SS'),to_date('24/11/21 00:00:00','RR/MM/DD HH24:MI:SS'),null,'7c132b9a7ed945bba564be5109e43a6a.jpg',0);
Insert into WITHJO.COURSE_LIST (COURSE_NO,CATEGORY_NO,COURSE_NAME,COURSE_TEACHER,COURSE_COST,COURSE_CURRENT_PEOPLE,COURSE_MAX_PEOPLE,COURSE_AGE_LIMIT,COURSE_START_DATE,COURSE_END_DATE,COURSE_START_TIME,COURSE_END_TIME,COURSE_REC_START,COURSE_REC_END,COURSE_INFO,COURSE_MAIN_IMAGE,COURSE_HIDE) values (10,3,'골프 오후 청소년반','김곽춘',30000,0,16,20,to_date('24/11/01 00:00:00','RR/MM/DD HH24:MI:SS'),to_date('24/12/31 00:00:00','RR/MM/DD HH24:MI:SS'),'16:00:00','16:00:00',to_date('24/10/20 00:00:00','RR/MM/DD HH24:MI:SS'),to_date('24/10/25 00:00:00','RR/MM/DD HH24:MI:SS'),null,'f007b19d8f61482db5768222c4ac595a.jpg',0);
Insert into WITHJO.COURSE_LIST (COURSE_NO,CATEGORY_NO,COURSE_NAME,COURSE_TEACHER,COURSE_COST,COURSE_CURRENT_PEOPLE,COURSE_MAX_PEOPLE,COURSE_AGE_LIMIT,COURSE_START_DATE,COURSE_END_DATE,COURSE_START_TIME,COURSE_END_TIME,COURSE_REC_START,COURSE_REC_END,COURSE_INFO,COURSE_MAIN_IMAGE,COURSE_HIDE) values (11,2,'수영 오후 성인반','이연희',25000,0,20,20,to_date('24/11/01 00:00:00','RR/MM/DD HH24:MI:SS'),to_date('24/12/31 00:00:00','RR/MM/DD HH24:MI:SS'),'14:00','14:00',to_date('24/10/20 00:00:00','RR/MM/DD HH24:MI:SS'),to_date('24/10/25 00:00:00','RR/MM/DD HH24:MI:SS'),'null','00ac79e9e8264fa0a92f344973e30375.jpg',0);
Insert into WITHJO.COURSE_LIST (COURSE_NO,CATEGORY_NO,COURSE_NAME,COURSE_TEACHER,COURSE_COST,COURSE_CURRENT_PEOPLE,COURSE_MAX_PEOPLE,COURSE_AGE_LIMIT,COURSE_START_DATE,COURSE_END_DATE,COURSE_START_TIME,COURSE_END_TIME,COURSE_REC_START,COURSE_REC_END,COURSE_INFO,COURSE_MAIN_IMAGE,COURSE_HIDE) values (12,2,'수영 오전 성인반','임광수',15000,0,20,20,to_date('24/11/01 00:00:00','RR/MM/DD HH24:MI:SS'),to_date('24/12/31 00:00:00','RR/MM/DD HH24:MI:SS'),'09:00','12:00',to_date('24/10/20 00:00:00','RR/MM/DD HH24:MI:SS'),to_date('24/10/25 00:00:00','RR/MM/DD HH24:MI:SS'),null,'5b519e3b324f4e3b97851e992d00a7d0.jpg',0);
REM INSERTING into WITHJO.COURSE_LIST_DAY
SET DEFINE OFF;
Insert into WITHJO.COURSE_LIST_DAY (COURSE_LIST_DAY_NO,COURSE_NO,COURSE_DAY_OF_THE_WEEK) values (1,3,1);
Insert into WITHJO.COURSE_LIST_DAY (COURSE_LIST_DAY_NO,COURSE_NO,COURSE_DAY_OF_THE_WEEK) values (2,12,2);
Insert into WITHJO.COURSE_LIST_DAY (COURSE_LIST_DAY_NO,COURSE_NO,COURSE_DAY_OF_THE_WEEK) values (3,12,3);
Insert into WITHJO.COURSE_LIST_DAY (COURSE_LIST_DAY_NO,COURSE_NO,COURSE_DAY_OF_THE_WEEK) values (4,12,4);
Insert into WITHJO.COURSE_LIST_DAY (COURSE_LIST_DAY_NO,COURSE_NO,COURSE_DAY_OF_THE_WEEK) values (5,1,2);
Insert into WITHJO.COURSE_LIST_DAY (COURSE_LIST_DAY_NO,COURSE_NO,COURSE_DAY_OF_THE_WEEK) values (6,1,4);
Insert into WITHJO.COURSE_LIST_DAY (COURSE_LIST_DAY_NO,COURSE_NO,COURSE_DAY_OF_THE_WEEK) values (41,7,2);
Insert into WITHJO.COURSE_LIST_DAY (COURSE_LIST_DAY_NO,COURSE_NO,COURSE_DAY_OF_THE_WEEK) values (11,11,2);
Insert into WITHJO.COURSE_LIST_DAY (COURSE_LIST_DAY_NO,COURSE_NO,COURSE_DAY_OF_THE_WEEK) values (12,11,3);
Insert into WITHJO.COURSE_LIST_DAY (COURSE_LIST_DAY_NO,COURSE_NO,COURSE_DAY_OF_THE_WEEK) values (13,11,5);
Insert into WITHJO.COURSE_LIST_DAY (COURSE_LIST_DAY_NO,COURSE_NO,COURSE_DAY_OF_THE_WEEK) values (17,2,2);
Insert into WITHJO.COURSE_LIST_DAY (COURSE_LIST_DAY_NO,COURSE_NO,COURSE_DAY_OF_THE_WEEK) values (18,2,4);
Insert into WITHJO.COURSE_LIST_DAY (COURSE_LIST_DAY_NO,COURSE_NO,COURSE_DAY_OF_THE_WEEK) values (25,10,1);
Insert into WITHJO.COURSE_LIST_DAY (COURSE_LIST_DAY_NO,COURSE_NO,COURSE_DAY_OF_THE_WEEK) values (26,10,3);
Insert into WITHJO.COURSE_LIST_DAY (COURSE_LIST_DAY_NO,COURSE_NO,COURSE_DAY_OF_THE_WEEK) values (27,10,4);
Insert into WITHJO.COURSE_LIST_DAY (COURSE_LIST_DAY_NO,COURSE_NO,COURSE_DAY_OF_THE_WEEK) values (28,5,2);
Insert into WITHJO.COURSE_LIST_DAY (COURSE_LIST_DAY_NO,COURSE_NO,COURSE_DAY_OF_THE_WEEK) values (35,5,4);
Insert into WITHJO.COURSE_LIST_DAY (COURSE_LIST_DAY_NO,COURSE_NO,COURSE_DAY_OF_THE_WEEK) values (42,7,4);
Insert into WITHJO.COURSE_LIST_DAY (COURSE_LIST_DAY_NO,COURSE_NO,COURSE_DAY_OF_THE_WEEK) values (43,4,1);
Insert into WITHJO.COURSE_LIST_DAY (COURSE_LIST_DAY_NO,COURSE_NO,COURSE_DAY_OF_THE_WEEK) values (44,4,3);
Insert into WITHJO.COURSE_LIST_DAY (COURSE_LIST_DAY_NO,COURSE_NO,COURSE_DAY_OF_THE_WEEK) values (45,8,1);
Insert into WITHJO.COURSE_LIST_DAY (COURSE_LIST_DAY_NO,COURSE_NO,COURSE_DAY_OF_THE_WEEK) values (46,8,2);
Insert into WITHJO.COURSE_LIST_DAY (COURSE_LIST_DAY_NO,COURSE_NO,COURSE_DAY_OF_THE_WEEK) values (47,8,3);
Insert into WITHJO.COURSE_LIST_DAY (COURSE_LIST_DAY_NO,COURSE_NO,COURSE_DAY_OF_THE_WEEK) values (49,3,3);
Insert into WITHJO.COURSE_LIST_DAY (COURSE_LIST_DAY_NO,COURSE_NO,COURSE_DAY_OF_THE_WEEK) values (50,3,5);
Insert into WITHJO.COURSE_LIST_DAY (COURSE_LIST_DAY_NO,COURSE_NO,COURSE_DAY_OF_THE_WEEK) values (54,9,2);
Insert into WITHJO.COURSE_LIST_DAY (COURSE_LIST_DAY_NO,COURSE_NO,COURSE_DAY_OF_THE_WEEK) values (55,9,4);
Insert into WITHJO.COURSE_LIST_DAY (COURSE_LIST_DAY_NO,COURSE_NO,COURSE_DAY_OF_THE_WEEK) values (56,9,5);
Insert into WITHJO.COURSE_LIST_DAY (COURSE_LIST_DAY_NO,COURSE_NO,COURSE_DAY_OF_THE_WEEK) values (57,6,2);
Insert into WITHJO.COURSE_LIST_DAY (COURSE_LIST_DAY_NO,COURSE_NO,COURSE_DAY_OF_THE_WEEK) values (58,6,3);
REM INSERTING into WITHJO.CUSTOMER
SET DEFINE OFF;
Insert into WITHJO.CUSTOMER (CUSTOMER_NO,MEMBER_Q_NO,MEMBER_A_NO,CUSTOMER_TITLE,CUSTOMER_QUE,CUSTOMER_ANS,CUSTOMER_Q_CREDATE,CUSTOMER_A_CREDATE,CUSTOMER_CHECK) values (1,20,1,'이용 가능한 결제 수단은 무엇이 있나요?','계좌이체도 가능한가요?','계좌이체도 가능합니다',to_date('24/11/15 12:37:16','RR/MM/DD HH24:MI:SS'),to_date('24/11/15 12:56:56','RR/MM/DD HH24:MI:SS'),'답변완료');
Insert into WITHJO.CUSTOMER (CUSTOMER_NO,MEMBER_Q_NO,MEMBER_A_NO,CUSTOMER_TITLE,CUSTOMER_QUE,CUSTOMER_ANS,CUSTOMER_Q_CREDATE,CUSTOMER_A_CREDATE,CUSTOMER_CHECK) values (2,4,1,'결제 후 환불은 어떻게 진행되나요?','강의를 들을 시간이 줄어들어서 환불을 하려고 해요','환불 요청을 하시면, 이용 시간에 비례해서 환불을 해드리고 있습니다',to_date('24/11/15 12:38:05','RR/MM/DD HH24:MI:SS'),to_date('24/11/15 12:57:27','RR/MM/DD HH24:MI:SS'),'답변완료');
Insert into WITHJO.CUSTOMER (CUSTOMER_NO,MEMBER_Q_NO,MEMBER_A_NO,CUSTOMER_TITLE,CUSTOMER_QUE,CUSTOMER_ANS,CUSTOMER_Q_CREDATE,CUSTOMER_A_CREDATE,CUSTOMER_CHECK) values (3,5,1,'할인 혜택 같은게 있나요?','동네 주민들은 할인을 받을 수 있는 혜택 같은게 있을까요??','동네 주민들만 대상으로 하는 할인 혜택은 없습니다',to_date('24/11/15 12:39:23','RR/MM/DD HH24:MI:SS'),to_date('24/11/15 12:58:00','RR/MM/DD HH24:MI:SS'),'답변완료');
Insert into WITHJO.CUSTOMER (CUSTOMER_NO,MEMBER_Q_NO,MEMBER_A_NO,CUSTOMER_TITLE,CUSTOMER_QUE,CUSTOMER_ANS,CUSTOMER_Q_CREDATE,CUSTOMER_A_CREDATE,CUSTOMER_CHECK) values (4,6,1,'체육센터에 주차 공간이 있나요?','근처에 주차장이 없는거 같아서 질문드립니다','체육센터에 주차를 하실 수 있습니다',to_date('24/11/15 12:40:22','RR/MM/DD HH24:MI:SS'),to_date('24/11/15 12:58:30','RR/MM/DD HH24:MI:SS'),'답변완료');
Insert into WITHJO.CUSTOMER (CUSTOMER_NO,MEMBER_Q_NO,MEMBER_A_NO,CUSTOMER_TITLE,CUSTOMER_QUE,CUSTOMER_ANS,CUSTOMER_Q_CREDATE,CUSTOMER_A_CREDATE,CUSTOMER_CHECK) values (5,7,1,'체육센터에서 수영장 이용 시 사전 예약이 필요한가요?','강의 외에 따로 이용을 하고 싶은데, 사전 예약이 필요할까요?','강의 시간 외에 따로 이용을 하시려면 사전 예약이 필요합니다',to_date('24/11/15 12:40:56','RR/MM/DD HH24:MI:SS'),to_date('24/11/15 13:04:19','RR/MM/DD HH24:MI:SS'),'답변완료');
Insert into WITHJO.CUSTOMER (CUSTOMER_NO,MEMBER_Q_NO,MEMBER_A_NO,CUSTOMER_TITLE,CUSTOMER_QUE,CUSTOMER_ANS,CUSTOMER_Q_CREDATE,CUSTOMER_A_CREDATE,CUSTOMER_CHECK) values (6,9,1,'운동복이나 운동화 대여 가능한가요?','대여가 가능하면 따로 구매하지 않고 싶어서 질문드려요','운동복이나 운동화는 따로 대여 해드리고 있지는 않습니다',to_date('24/11/15 12:44:50','RR/MM/DD HH24:MI:SS'),to_date('24/11/15 13:04:49','RR/MM/DD HH24:MI:SS'),'답변완료');
Insert into WITHJO.CUSTOMER (CUSTOMER_NO,MEMBER_Q_NO,MEMBER_A_NO,CUSTOMER_TITLE,CUSTOMER_QUE,CUSTOMER_ANS,CUSTOMER_Q_CREDATE,CUSTOMER_A_CREDATE,CUSTOMER_CHECK) values (7,10,1,'아이들 프로그램도 있나요?','자녀들이 이용할 수 있는 어린이 전용 강의가 있을까요?','아이들을 위한 강의는 준비 중에 있습니다',to_date('24/11/15 12:45:24','RR/MM/DD HH24:MI:SS'),to_date('24/11/15 13:05:16','RR/MM/DD HH24:MI:SS'),'답변완료');
Insert into WITHJO.CUSTOMER (CUSTOMER_NO,MEMBER_Q_NO,MEMBER_A_NO,CUSTOMER_TITLE,CUSTOMER_QUE,CUSTOMER_ANS,CUSTOMER_Q_CREDATE,CUSTOMER_A_CREDATE,CUSTOMER_CHECK) values (8,11,1,'주말에 운영 시간은 어떻게 되나요?','주말 체육관 운영 시간을 알려주세요','주말에는 오전에만 이용이 가능합니다',to_date('24/11/15 12:45:58','RR/MM/DD HH24:MI:SS'),to_date('24/11/15 13:05:45','RR/MM/DD HH24:MI:SS'),'답변완료');
Insert into WITHJO.CUSTOMER (CUSTOMER_NO,MEMBER_Q_NO,MEMBER_A_NO,CUSTOMER_TITLE,CUSTOMER_QUE,CUSTOMER_ANS,CUSTOMER_Q_CREDATE,CUSTOMER_A_CREDATE,CUSTOMER_CHECK) values (9,12,1,'회원 카드 분실했을 때, 어떻게 해야 하나요?','재발급 받으려면 추가 비용이 필요할까요?','회원증을 재발급 하실 때, 추가 비용이 필요하지 않습니다',to_date('24/11/15 12:46:30','RR/MM/DD HH24:MI:SS'),to_date('24/11/15 13:07:05','RR/MM/DD HH24:MI:SS'),'답변완료');
Insert into WITHJO.CUSTOMER (CUSTOMER_NO,MEMBER_Q_NO,MEMBER_A_NO,CUSTOMER_TITLE,CUSTOMER_QUE,CUSTOMER_ANS,CUSTOMER_Q_CREDATE,CUSTOMER_A_CREDATE,CUSTOMER_CHECK) values (12,14,null,'요가 수업은 초보자도 참여할 수 있나요?','요가 수업은 초보자도 참여할 수 있나요?',null,to_date('24/11/15 13:09:01','RR/MM/DD HH24:MI:SS'),null,'답변준비중');
Insert into WITHJO.CUSTOMER (CUSTOMER_NO,MEMBER_Q_NO,MEMBER_A_NO,CUSTOMER_TITLE,CUSTOMER_QUE,CUSTOMER_ANS,CUSTOMER_Q_CREDATE,CUSTOMER_A_CREDATE,CUSTOMER_CHECK) values (11,13,1,'헬스장 이용 전 후에 스트레칭 프로그램이 있나요?','스트레칭을 하고 강의가 시작되나요?','간단한 스트레칭을 하고 강의를 시작합니다',to_date('24/11/15 12:56:02','RR/MM/DD HH24:MI:SS'),to_date('24/11/15 13:07:41','RR/MM/DD HH24:MI:SS'),'답변완료');
Insert into WITHJO.CUSTOMER (CUSTOMER_NO,MEMBER_Q_NO,MEMBER_A_NO,CUSTOMER_TITLE,CUSTOMER_QUE,CUSTOMER_ANS,CUSTOMER_Q_CREDATE,CUSTOMER_A_CREDATE,CUSTOMER_CHECK) values (13,15,null,'단기 회원 프로그램도 있나요?','단기 회원 프로그램도 있을까요??',null,to_date('24/11/15 13:10:28','RR/MM/DD HH24:MI:SS'),null,'답변준비중');
REM INSERTING into WITHJO.DRAWING
SET DEFINE OFF;
Insert into WITHJO.DRAWING (DRAWING_NO,DRAWING_ROUND,MEMBER_NO,DRAWING_PERSONNEL,DRAWING_POINT,DRAWING_MEMBER_NO,DRAWING_MEMBER_ID,DRAWING_MEMBER_NAME,DRAWING_START_DATE,DRAWING_END_DATE,DRAWING_CREDATE) values (1,1,1,4,1000,'[17,6,23,7]','["nnnn","cccc","zzzz","dddd"]','["신혜원","박민수","이상현","정수연"]','2024-11-10','2024-11-16',to_date('24/11/18 13:05:46','RR/MM/DD HH24:MI:SS'));
Insert into WITHJO.DRAWING (DRAWING_NO,DRAWING_ROUND,MEMBER_NO,DRAWING_PERSONNEL,DRAWING_POINT,DRAWING_MEMBER_NO,DRAWING_MEMBER_ID,DRAWING_MEMBER_NAME,DRAWING_START_DATE,DRAWING_END_DATE,DRAWING_CREDATE) values (2,2,1,5,1500,'[20,22,10,7,15]','["qqqq","ssss","gggg","dddd","llll"]','["장민석","류정호","송태호","정수연","조민지"]','2024-11-10','2024-11-16',to_date('24/11/18 13:05:58','RR/MM/DD HH24:MI:SS'));
Insert into WITHJO.DRAWING (DRAWING_NO,DRAWING_ROUND,MEMBER_NO,DRAWING_PERSONNEL,DRAWING_POINT,DRAWING_MEMBER_NO,DRAWING_MEMBER_ID,DRAWING_MEMBER_NAME,DRAWING_START_DATE,DRAWING_END_DATE,DRAWING_CREDATE) values (3,3,1,3,1500,'[14,15,7]','["kkkk","llll","dddd"]','["강동훈","조민지","정수연"]','2024-11-10','2024-11-16',to_date('24/11/18 13:06:10','RR/MM/DD HH24:MI:SS'));
REM INSERTING into WITHJO.EVENT
SET DEFINE OFF;
Insert into WITHJO.EVENT (EVENT_NO,EVENT_CATEGORY_NO,EVENT_HIDE_SHOW,EVENT_CREADATE,EVENT_UPDATE) values (1,1,1,to_date('24/11/15 10:49:08','RR/MM/DD HH24:MI:SS'),to_date('24/11/15 10:49:08','RR/MM/DD HH24:MI:SS'));
Insert into WITHJO.EVENT (EVENT_NO,EVENT_CATEGORY_NO,EVENT_HIDE_SHOW,EVENT_CREADATE,EVENT_UPDATE) values (2,2,1,to_date('24/11/15 10:49:08','RR/MM/DD HH24:MI:SS'),to_date('24/11/18 13:06:25','RR/MM/DD HH24:MI:SS'));
REM INSERTING into WITHJO.LOTTO
SET DEFINE OFF;
Insert into WITHJO.LOTTO (LOTTO_NO,LOTTO_ROUND,LOTTO_ROUND_LIMIT,LOTTO_MODE,MEMBER_NO,LOTTO_WINNING,LOTTO_1ST,LOTTO_2ND,LOTTO_3RD,LOTTO_SEL_NO,LOTTO_START_DATE,LOTTO_END_DATE,LOTTO_CREDATE) values (1,1,5,1,1,null,1000,800,500,'[9, 20, 24, 27, 31, 40]','2024-10-27','2024-11-02',to_date('24/11/15 10:55:11','RR/MM/DD HH24:MI:SS'));
Insert into WITHJO.LOTTO (LOTTO_NO,LOTTO_ROUND,LOTTO_ROUND_LIMIT,LOTTO_MODE,MEMBER_NO,LOTTO_WINNING,LOTTO_1ST,LOTTO_2ND,LOTTO_3RD,LOTTO_SEL_NO,LOTTO_START_DATE,LOTTO_END_DATE,LOTTO_CREDATE) values (2,2,5,1,1,null,1000,800,500,'[14, 19, 25, 30, 37, 41]','2024-11-03','2024-11-09',to_date('24/11/15 10:55:29','RR/MM/DD HH24:MI:SS'));
Insert into WITHJO.LOTTO (LOTTO_NO,LOTTO_ROUND,LOTTO_ROUND_LIMIT,LOTTO_MODE,MEMBER_NO,LOTTO_WINNING,LOTTO_1ST,LOTTO_2ND,LOTTO_3RD,LOTTO_SEL_NO,LOTTO_START_DATE,LOTTO_END_DATE,LOTTO_CREDATE) values (3,3,5,1,1,null,1000,800,500,'[8, 14, 18, 21, 28, 32]','2024-11-10','2024-11-16',to_date('24/11/15 10:55:55','RR/MM/DD HH24:MI:SS'));
Insert into WITHJO.LOTTO (LOTTO_NO,LOTTO_ROUND,LOTTO_ROUND_LIMIT,LOTTO_MODE,MEMBER_NO,LOTTO_WINNING,LOTTO_1ST,LOTTO_2ND,LOTTO_3RD,LOTTO_SEL_NO,LOTTO_START_DATE,LOTTO_END_DATE,LOTTO_CREDATE) values (4,3,null,0,2,1,null,null,null,'[6,7,9,14,15,26]',null,null,to_date('24/11/15 12:31:02','RR/MM/DD HH24:MI:SS'));
Insert into WITHJO.LOTTO (LOTTO_NO,LOTTO_ROUND,LOTTO_ROUND_LIMIT,LOTTO_MODE,MEMBER_NO,LOTTO_WINNING,LOTTO_1ST,LOTTO_2ND,LOTTO_3RD,LOTTO_SEL_NO,LOTTO_START_DATE,LOTTO_END_DATE,LOTTO_CREDATE) values (5,3,null,0,2,0,null,null,null,'[2,10,11,15,17,36]',null,null,to_date('24/11/15 12:31:04','RR/MM/DD HH24:MI:SS'));
Insert into WITHJO.LOTTO (LOTTO_NO,LOTTO_ROUND,LOTTO_ROUND_LIMIT,LOTTO_MODE,MEMBER_NO,LOTTO_WINNING,LOTTO_1ST,LOTTO_2ND,LOTTO_3RD,LOTTO_SEL_NO,LOTTO_START_DATE,LOTTO_END_DATE,LOTTO_CREDATE) values (6,3,null,0,2,0,null,null,null,'[2,10,13,29,36,43]',null,null,to_date('24/11/15 12:31:05','RR/MM/DD HH24:MI:SS'));
Insert into WITHJO.LOTTO (LOTTO_NO,LOTTO_ROUND,LOTTO_ROUND_LIMIT,LOTTO_MODE,MEMBER_NO,LOTTO_WINNING,LOTTO_1ST,LOTTO_2ND,LOTTO_3RD,LOTTO_SEL_NO,LOTTO_START_DATE,LOTTO_END_DATE,LOTTO_CREDATE) values (7,3,null,0,2,1,null,null,null,'[13,15,16,21,36,41]',null,null,to_date('24/11/15 12:31:06','RR/MM/DD HH24:MI:SS'));
Insert into WITHJO.LOTTO (LOTTO_NO,LOTTO_ROUND,LOTTO_ROUND_LIMIT,LOTTO_MODE,MEMBER_NO,LOTTO_WINNING,LOTTO_1ST,LOTTO_2ND,LOTTO_3RD,LOTTO_SEL_NO,LOTTO_START_DATE,LOTTO_END_DATE,LOTTO_CREDATE) values (8,3,null,0,2,1,null,null,null,'[3,5,12,28,41,45]',null,null,to_date('24/11/15 12:31:07','RR/MM/DD HH24:MI:SS'));
Insert into WITHJO.LOTTO (LOTTO_NO,LOTTO_ROUND,LOTTO_ROUND_LIMIT,LOTTO_MODE,MEMBER_NO,LOTTO_WINNING,LOTTO_1ST,LOTTO_2ND,LOTTO_3RD,LOTTO_SEL_NO,LOTTO_START_DATE,LOTTO_END_DATE,LOTTO_CREDATE) values (9,3,null,0,3,1,null,null,null,'[9,24,26,28,29,43]',null,null,to_date('24/11/15 12:32:37','RR/MM/DD HH24:MI:SS'));
Insert into WITHJO.LOTTO (LOTTO_NO,LOTTO_ROUND,LOTTO_ROUND_LIMIT,LOTTO_MODE,MEMBER_NO,LOTTO_WINNING,LOTTO_1ST,LOTTO_2ND,LOTTO_3RD,LOTTO_SEL_NO,LOTTO_START_DATE,LOTTO_END_DATE,LOTTO_CREDATE) values (10,3,null,0,3,0,null,null,null,'[1,6,19,27,34,36]',null,null,to_date('24/11/15 12:32:39','RR/MM/DD HH24:MI:SS'));
Insert into WITHJO.LOTTO (LOTTO_NO,LOTTO_ROUND,LOTTO_ROUND_LIMIT,LOTTO_MODE,MEMBER_NO,LOTTO_WINNING,LOTTO_1ST,LOTTO_2ND,LOTTO_3RD,LOTTO_SEL_NO,LOTTO_START_DATE,LOTTO_END_DATE,LOTTO_CREDATE) values (11,3,null,0,3,0,null,null,null,'[3,5,6,9,20,33]',null,null,to_date('24/11/15 12:32:40','RR/MM/DD HH24:MI:SS'));
Insert into WITHJO.LOTTO (LOTTO_NO,LOTTO_ROUND,LOTTO_ROUND_LIMIT,LOTTO_MODE,MEMBER_NO,LOTTO_WINNING,LOTTO_1ST,LOTTO_2ND,LOTTO_3RD,LOTTO_SEL_NO,LOTTO_START_DATE,LOTTO_END_DATE,LOTTO_CREDATE) values (12,3,null,0,3,0,null,null,null,'[5,16,25,26,30,40]',null,null,to_date('24/11/15 12:32:40','RR/MM/DD HH24:MI:SS'));
Insert into WITHJO.LOTTO (LOTTO_NO,LOTTO_ROUND,LOTTO_ROUND_LIMIT,LOTTO_MODE,MEMBER_NO,LOTTO_WINNING,LOTTO_1ST,LOTTO_2ND,LOTTO_3RD,LOTTO_SEL_NO,LOTTO_START_DATE,LOTTO_END_DATE,LOTTO_CREDATE) values (13,3,null,0,3,1,null,null,null,'[7,8,11,23,27,43]',null,null,to_date('24/11/15 12:32:41','RR/MM/DD HH24:MI:SS'));
Insert into WITHJO.LOTTO (LOTTO_NO,LOTTO_ROUND,LOTTO_ROUND_LIMIT,LOTTO_MODE,MEMBER_NO,LOTTO_WINNING,LOTTO_1ST,LOTTO_2ND,LOTTO_3RD,LOTTO_SEL_NO,LOTTO_START_DATE,LOTTO_END_DATE,LOTTO_CREDATE) values (14,3,null,0,6,1,null,null,null,'[2,12,14,17,20,38]',null,null,to_date('24/11/15 16:20:46','RR/MM/DD HH24:MI:SS'));
Insert into WITHJO.LOTTO (LOTTO_NO,LOTTO_ROUND,LOTTO_ROUND_LIMIT,LOTTO_MODE,MEMBER_NO,LOTTO_WINNING,LOTTO_1ST,LOTTO_2ND,LOTTO_3RD,LOTTO_SEL_NO,LOTTO_START_DATE,LOTTO_END_DATE,LOTTO_CREDATE) values (21,4,5,1,1,null,3000,2000,1000,'[5, 13, 20, 23, 27, 34]','2024-11-17','2024-11-23',to_date('24/11/18 13:02:42','RR/MM/DD HH24:MI:SS'));
Insert into WITHJO.LOTTO (LOTTO_NO,LOTTO_ROUND,LOTTO_ROUND_LIMIT,LOTTO_MODE,MEMBER_NO,LOTTO_WINNING,LOTTO_1ST,LOTTO_2ND,LOTTO_3RD,LOTTO_SEL_NO,LOTTO_START_DATE,LOTTO_END_DATE,LOTTO_CREDATE) values (22,5,5,1,1,null,3000,2000,1000,'[2, 4, 15, 22, 29, 37]','2024-11-24','2025-02-01',to_date('24/11/18 13:03:10','RR/MM/DD HH24:MI:SS'));
REM INSERTING into WITHJO.MEMBER
SET DEFINE OFF;
Insert into WITHJO.MEMBER (MEMBER_NO,MEMBER_ID,MEMBER_PW,MEMBER_NAME,MEMBER_BIRTH_DATE,MEMBER_PHONE_NUM,MEMBER_ZIP_CODE,MEMBER_ADDRESS,MEMBER_ADDRESS_INFO,MEMBER_GENDER,MEMBER_CREDATE,MEMBER_UPDATE,MEMBER_E_MONEY,AUTHORITY) values (1,'admin','admin1234','관리자','19960227','01064348673','08545','구로구 구로동','구로아카데미',1,to_date('24/11/15 10:48:35','RR/MM/DD HH24:MI:SS'),to_date('24/11/15 10:48:35','RR/MM/DD HH24:MI:SS'),0,1);
Insert into WITHJO.MEMBER (MEMBER_NO,MEMBER_ID,MEMBER_PW,MEMBER_NAME,MEMBER_BIRTH_DATE,MEMBER_PHONE_NUM,MEMBER_ZIP_CODE,MEMBER_ADDRESS,MEMBER_ADDRESS_INFO,MEMBER_GENDER,MEMBER_CREDATE,MEMBER_UPDATE,MEMBER_E_MONEY,AUTHORITY) values (2,'qwer','zxc123','김진우','19900713','01057465124','08545','구로구 구로동','구로아카데미',1,to_date('24/11/15 10:48:35','RR/MM/DD HH24:MI:SS'),to_date('24/11/15 10:58:29','RR/MM/DD HH24:MI:SS'),0,0);
Insert into WITHJO.MEMBER (MEMBER_NO,MEMBER_ID,MEMBER_PW,MEMBER_NAME,MEMBER_BIRTH_DATE,MEMBER_PHONE_NUM,MEMBER_ZIP_CODE,MEMBER_ADDRESS,MEMBER_ADDRESS_INFO,MEMBER_GENDER,MEMBER_CREDATE,MEMBER_UPDATE,MEMBER_E_MONEY,AUTHORITY) values (3,'asdf','zxc123','이수영','19970713','01095745124','08545','구로구 구로동','구로아카데미',2,to_date('24/11/15 10:48:35','RR/MM/DD HH24:MI:SS'),to_date('24/11/15 12:32:32','RR/MM/DD HH24:MI:SS'),2500,0);
Insert into WITHJO.MEMBER (MEMBER_NO,MEMBER_ID,MEMBER_PW,MEMBER_NAME,MEMBER_BIRTH_DATE,MEMBER_PHONE_NUM,MEMBER_ZIP_CODE,MEMBER_ADDRESS,MEMBER_ADDRESS_INFO,MEMBER_GENDER,MEMBER_CREDATE,MEMBER_UPDATE,MEMBER_E_MONEY,AUTHORITY) values (4,'aaaa','aaaa1234','김철수','19850315','01012345678','06253','서울시 강남구','테헤란로 152',1,to_date('24/11/15 10:48:35','RR/MM/DD HH24:MI:SS'),to_date('24/11/15 10:48:35','RR/MM/DD HH24:MI:SS'),-2000,0);
Insert into WITHJO.MEMBER (MEMBER_NO,MEMBER_ID,MEMBER_PW,MEMBER_NAME,MEMBER_BIRTH_DATE,MEMBER_PHONE_NUM,MEMBER_ZIP_CODE,MEMBER_ADDRESS,MEMBER_ADDRESS_INFO,MEMBER_GENDER,MEMBER_CREDATE,MEMBER_UPDATE,MEMBER_E_MONEY,AUTHORITY) values (5,'bbbb','bbbb1234','이영희','19900422','01023456789','05001','서울시 광진구','능동로 120',2,to_date('24/11/15 10:48:35','RR/MM/DD HH24:MI:SS'),to_date('24/11/15 10:48:35','RR/MM/DD HH24:MI:SS'),5000,0);
Insert into WITHJO.MEMBER (MEMBER_NO,MEMBER_ID,MEMBER_PW,MEMBER_NAME,MEMBER_BIRTH_DATE,MEMBER_PHONE_NUM,MEMBER_ZIP_CODE,MEMBER_ADDRESS,MEMBER_ADDRESS_INFO,MEMBER_GENDER,MEMBER_CREDATE,MEMBER_UPDATE,MEMBER_E_MONEY,AUTHORITY) values (6,'cccc','cccc1234','박민수','19880709','01034567890','04104','서울시 마포구','와우산로 94',1,to_date('24/11/15 10:48:35','RR/MM/DD HH24:MI:SS'),to_date('24/11/15 10:48:35','RR/MM/DD HH24:MI:SS'),45500,0);
Insert into WITHJO.MEMBER (MEMBER_NO,MEMBER_ID,MEMBER_PW,MEMBER_NAME,MEMBER_BIRTH_DATE,MEMBER_PHONE_NUM,MEMBER_ZIP_CODE,MEMBER_ADDRESS,MEMBER_ADDRESS_INFO,MEMBER_GENDER,MEMBER_CREDATE,MEMBER_UPDATE,MEMBER_E_MONEY,AUTHORITY) values (7,'dddd','dddd1234','정수연','19920518','01045678901','03190','서울시 종로구','종로 1길 50',2,to_date('24/11/15 10:48:35','RR/MM/DD HH24:MI:SS'),to_date('24/11/15 10:48:35','RR/MM/DD HH24:MI:SS'),45000,0);
Insert into WITHJO.MEMBER (MEMBER_NO,MEMBER_ID,MEMBER_PW,MEMBER_NAME,MEMBER_BIRTH_DATE,MEMBER_PHONE_NUM,MEMBER_ZIP_CODE,MEMBER_ADDRESS,MEMBER_ADDRESS_INFO,MEMBER_GENDER,MEMBER_CREDATE,MEMBER_UPDATE,MEMBER_E_MONEY,AUTHORITY) values (8,'eeee','eeee1234','최재현','19870203','01056789012','08292','서울시 구로구','구로동로 43',1,to_date('24/11/15 10:48:35','RR/MM/DD HH24:MI:SS'),to_date('24/11/15 10:48:35','RR/MM/DD HH24:MI:SS'),61000,0);
Insert into WITHJO.MEMBER (MEMBER_NO,MEMBER_ID,MEMBER_PW,MEMBER_NAME,MEMBER_BIRTH_DATE,MEMBER_PHONE_NUM,MEMBER_ZIP_CODE,MEMBER_ADDRESS,MEMBER_ADDRESS_INFO,MEMBER_GENDER,MEMBER_CREDATE,MEMBER_UPDATE,MEMBER_E_MONEY,AUTHORITY) values (9,'ffff','ffff1234','한미영','19950630','01067890123','07011','서울시 동작구','상도로 369',2,to_date('24/11/15 10:48:35','RR/MM/DD HH24:MI:SS'),to_date('24/11/15 10:48:35','RR/MM/DD HH24:MI:SS'),25000,0);
Insert into WITHJO.MEMBER (MEMBER_NO,MEMBER_ID,MEMBER_PW,MEMBER_NAME,MEMBER_BIRTH_DATE,MEMBER_PHONE_NUM,MEMBER_ZIP_CODE,MEMBER_ADDRESS,MEMBER_ADDRESS_INFO,MEMBER_GENDER,MEMBER_CREDATE,MEMBER_UPDATE,MEMBER_E_MONEY,AUTHORITY) values (10,'gggg','gggg1234','송태호','19831112','01078901234','05501','서울시 송파구','올림픽로 240',1,to_date('24/11/15 10:48:35','RR/MM/DD HH24:MI:SS'),to_date('24/11/15 10:48:35','RR/MM/DD HH24:MI:SS'),81500,0);
Insert into WITHJO.MEMBER (MEMBER_NO,MEMBER_ID,MEMBER_PW,MEMBER_NAME,MEMBER_BIRTH_DATE,MEMBER_PHONE_NUM,MEMBER_ZIP_CODE,MEMBER_ADDRESS,MEMBER_ADDRESS_INFO,MEMBER_GENDER,MEMBER_CREDATE,MEMBER_UPDATE,MEMBER_E_MONEY,AUTHORITY) values (11,'hhhh','hhhh1234','임서연','19910825','01089012345','04524','서울시 중구','을지로 66',2,to_date('24/11/15 10:48:35','RR/MM/DD HH24:MI:SS'),to_date('24/11/15 10:48:35','RR/MM/DD HH24:MI:SS'),35000,0);
Insert into WITHJO.MEMBER (MEMBER_NO,MEMBER_ID,MEMBER_PW,MEMBER_NAME,MEMBER_BIRTH_DATE,MEMBER_PHONE_NUM,MEMBER_ZIP_CODE,MEMBER_ADDRESS,MEMBER_ADDRESS_INFO,MEMBER_GENDER,MEMBER_CREDATE,MEMBER_UPDATE,MEMBER_E_MONEY,AUTHORITY) values (12,'iiii','iiii1234','오승훈','19860407','01090123456','06611','서울시 서초구','서초대로 77길 55',1,to_date('24/11/15 10:48:35','RR/MM/DD HH24:MI:SS'),to_date('24/11/15 10:48:35','RR/MM/DD HH24:MI:SS'),55000,0);
Insert into WITHJO.MEMBER (MEMBER_NO,MEMBER_ID,MEMBER_PW,MEMBER_NAME,MEMBER_BIRTH_DATE,MEMBER_PHONE_NUM,MEMBER_ZIP_CODE,MEMBER_ADDRESS,MEMBER_ADDRESS_INFO,MEMBER_GENDER,MEMBER_CREDATE,MEMBER_UPDATE,MEMBER_E_MONEY,AUTHORITY) values (13,'jjjj','jjjj1234','윤지원','19931219','01001234567','03048','서울시 종로구','청계천로 85',2,to_date('24/11/15 10:48:35','RR/MM/DD HH24:MI:SS'),to_date('24/11/15 10:48:35','RR/MM/DD HH24:MI:SS'),45000,0);
Insert into WITHJO.MEMBER (MEMBER_NO,MEMBER_ID,MEMBER_PW,MEMBER_NAME,MEMBER_BIRTH_DATE,MEMBER_PHONE_NUM,MEMBER_ZIP_CODE,MEMBER_ADDRESS,MEMBER_ADDRESS_INFO,MEMBER_GENDER,MEMBER_CREDATE,MEMBER_UPDATE,MEMBER_E_MONEY,AUTHORITY) values (14,'kkkk','kkkk1234','강동훈','19840528','01012345679','04377','서울시 용산구','한강대로 92',1,to_date('24/11/15 10:48:35','RR/MM/DD HH24:MI:SS'),to_date('24/11/15 10:48:35','RR/MM/DD HH24:MI:SS'),68000,0);
Insert into WITHJO.MEMBER (MEMBER_NO,MEMBER_ID,MEMBER_PW,MEMBER_NAME,MEMBER_BIRTH_DATE,MEMBER_PHONE_NUM,MEMBER_ZIP_CODE,MEMBER_ADDRESS,MEMBER_ADDRESS_INFO,MEMBER_GENDER,MEMBER_CREDATE,MEMBER_UPDATE,MEMBER_E_MONEY,AUTHORITY) values (15,'llll','llll1234','조민지','19970214','01023456780','07803','서울시 강서구','화곡로 302',2,to_date('24/11/15 10:48:35','RR/MM/DD HH24:MI:SS'),to_date('24/11/15 10:48:35','RR/MM/DD HH24:MI:SS'),23000,0);
Insert into WITHJO.MEMBER (MEMBER_NO,MEMBER_ID,MEMBER_PW,MEMBER_NAME,MEMBER_BIRTH_DATE,MEMBER_PHONE_NUM,MEMBER_ZIP_CODE,MEMBER_ADDRESS,MEMBER_ADDRESS_INFO,MEMBER_GENDER,MEMBER_CREDATE,MEMBER_UPDATE,MEMBER_E_MONEY,AUTHORITY) values (16,'mmmm','mmmm1234','백승호','19891003','01034567891','05001','서울시 광진구','광나루로 571',1,to_date('24/11/15 10:48:35','RR/MM/DD HH24:MI:SS'),to_date('24/11/15 10:48:35','RR/MM/DD HH24:MI:SS'),75000,0);
Insert into WITHJO.MEMBER (MEMBER_NO,MEMBER_ID,MEMBER_PW,MEMBER_NAME,MEMBER_BIRTH_DATE,MEMBER_PHONE_NUM,MEMBER_ZIP_CODE,MEMBER_ADDRESS,MEMBER_ADDRESS_INFO,MEMBER_GENDER,MEMBER_CREDATE,MEMBER_UPDATE,MEMBER_E_MONEY,AUTHORITY) values (17,'nnnn','nnnn1234','신혜원','19940711','01045678902','06928','서울시 동작구','노량진로 74',2,to_date('24/11/15 10:48:35','RR/MM/DD HH24:MI:SS'),to_date('24/11/15 10:48:35','RR/MM/DD HH24:MI:SS'),31000,0);
Insert into WITHJO.MEMBER (MEMBER_NO,MEMBER_ID,MEMBER_PW,MEMBER_NAME,MEMBER_BIRTH_DATE,MEMBER_PHONE_NUM,MEMBER_ZIP_CODE,MEMBER_ADDRESS,MEMBER_ADDRESS_INFO,MEMBER_GENDER,MEMBER_CREDATE,MEMBER_UPDATE,MEMBER_E_MONEY,AUTHORITY) values (18,'oooo','oooo1234','이태준','19820826','01056789013','04516','서울시 중구','마른내로 116',1,to_date('24/11/15 10:48:35','RR/MM/DD HH24:MI:SS'),to_date('24/11/15 10:48:35','RR/MM/DD HH24:MI:SS'),50000,0);
Insert into WITHJO.MEMBER (MEMBER_NO,MEMBER_ID,MEMBER_PW,MEMBER_NAME,MEMBER_BIRTH_DATE,MEMBER_PHONE_NUM,MEMBER_ZIP_CODE,MEMBER_ADDRESS,MEMBER_ADDRESS_INFO,MEMBER_GENDER,MEMBER_CREDATE,MEMBER_UPDATE,MEMBER_E_MONEY,AUTHORITY) values (19,'pppp','pppp1234','김지현','19960103','01067890124','05001','서울시 광진구','자양로 167',2,to_date('24/11/15 10:48:35','RR/MM/DD HH24:MI:SS'),to_date('24/11/15 10:48:35','RR/MM/DD HH24:MI:SS'),40000,0);
Insert into WITHJO.MEMBER (MEMBER_NO,MEMBER_ID,MEMBER_PW,MEMBER_NAME,MEMBER_BIRTH_DATE,MEMBER_PHONE_NUM,MEMBER_ZIP_CODE,MEMBER_ADDRESS,MEMBER_ADDRESS_INFO,MEMBER_GENDER,MEMBER_CREDATE,MEMBER_UPDATE,MEMBER_E_MONEY,AUTHORITY) values (20,'qqqq','qqqq1234','장민석','19881215','01078901235','06611','서울시 서초구','반포대로 58',1,to_date('24/11/15 10:48:35','RR/MM/DD HH24:MI:SS'),to_date('24/11/15 10:48:35','RR/MM/DD HH24:MI:SS'),71500,0);
Insert into WITHJO.MEMBER (MEMBER_NO,MEMBER_ID,MEMBER_PW,MEMBER_NAME,MEMBER_BIRTH_DATE,MEMBER_PHONE_NUM,MEMBER_ZIP_CODE,MEMBER_ADDRESS,MEMBER_ADDRESS_INFO,MEMBER_GENDER,MEMBER_CREDATE,MEMBER_UPDATE,MEMBER_E_MONEY,AUTHORITY) values (21,'rrrr','rrrr1234','홍서영','19930520','01089012346','04104','서울시 마포구','월드컵북로 396',2,to_date('24/11/15 10:48:35','RR/MM/DD HH24:MI:SS'),to_date('24/11/15 10:48:35','RR/MM/DD HH24:MI:SS'),26500,0);
Insert into WITHJO.MEMBER (MEMBER_NO,MEMBER_ID,MEMBER_PW,MEMBER_NAME,MEMBER_BIRTH_DATE,MEMBER_PHONE_NUM,MEMBER_ZIP_CODE,MEMBER_ADDRESS,MEMBER_ADDRESS_INFO,MEMBER_GENDER,MEMBER_CREDATE,MEMBER_UPDATE,MEMBER_E_MONEY,AUTHORITY) values (22,'ssss','ssss1234','류정호','19900308','01090123457','03190','서울시 종로구','삼일대로 428',1,to_date('24/11/15 10:48:35','RR/MM/DD HH24:MI:SS'),to_date('24/11/15 10:48:35','RR/MM/DD HH24:MI:SS'),61500,0);
Insert into WITHJO.MEMBER (MEMBER_NO,MEMBER_ID,MEMBER_PW,MEMBER_NAME,MEMBER_BIRTH_DATE,MEMBER_PHONE_NUM,MEMBER_ZIP_CODE,MEMBER_ADDRESS,MEMBER_ADDRESS_INFO,MEMBER_GENDER,MEMBER_CREDATE,MEMBER_UPDATE,MEMBER_E_MONEY,AUTHORITY) values (23,'zzzz','zzzz1234','이상현','19970624','01044568546','08212','서울 구로구 경인로 577','102',1,to_date('24/11/15 11:30:38','RR/MM/DD HH24:MI:SS'),to_date('24/11/15 11:30:38','RR/MM/DD HH24:MI:SS'),2500,0);
REM INSERTING into WITHJO.MEMBER_COURSE_RESERVE
SET DEFINE OFF;
REM INSERTING into WITHJO.MEMBER_E_MONEY
SET DEFINE OFF;
Insert into WITHJO.MEMBER_E_MONEY (MEMBER_NO,MEMBER_E_MONEY_NO,MEMBER_E_MONEY_PLUS,MEMBER_E_MONEY_PLUS_DETAIL,MEMBER_E_MONEY_MINUS,MEMBER_E_MONEY_MINUS_DETAIL,MEMBER_E_MONEY_UPDATE) values (2,1,500,'3회차 로또 이벤트 보상입니다.',0,null,to_date('24/11/15 12:31:02','RR/MM/DD HH24:MI:SS'));
Insert into WITHJO.MEMBER_E_MONEY (MEMBER_NO,MEMBER_E_MONEY_NO,MEMBER_E_MONEY_PLUS,MEMBER_E_MONEY_PLUS_DETAIL,MEMBER_E_MONEY_MINUS,MEMBER_E_MONEY_MINUS_DETAIL,MEMBER_E_MONEY_UPDATE) values (2,2,500,'3회차 로또 이벤트 보상입니다.',0,null,to_date('24/11/15 12:31:04','RR/MM/DD HH24:MI:SS'));
Insert into WITHJO.MEMBER_E_MONEY (MEMBER_NO,MEMBER_E_MONEY_NO,MEMBER_E_MONEY_PLUS,MEMBER_E_MONEY_PLUS_DETAIL,MEMBER_E_MONEY_MINUS,MEMBER_E_MONEY_MINUS_DETAIL,MEMBER_E_MONEY_UPDATE) values (2,3,500,'3회차 로또 이벤트 보상입니다.',0,null,to_date('24/11/15 12:31:05','RR/MM/DD HH24:MI:SS'));
Insert into WITHJO.MEMBER_E_MONEY (MEMBER_NO,MEMBER_E_MONEY_NO,MEMBER_E_MONEY_PLUS,MEMBER_E_MONEY_PLUS_DETAIL,MEMBER_E_MONEY_MINUS,MEMBER_E_MONEY_MINUS_DETAIL,MEMBER_E_MONEY_UPDATE) values (2,4,500,'3회차 로또 이벤트 보상입니다.',0,null,to_date('24/11/15 12:31:06','RR/MM/DD HH24:MI:SS'));
Insert into WITHJO.MEMBER_E_MONEY (MEMBER_NO,MEMBER_E_MONEY_NO,MEMBER_E_MONEY_PLUS,MEMBER_E_MONEY_PLUS_DETAIL,MEMBER_E_MONEY_MINUS,MEMBER_E_MONEY_MINUS_DETAIL,MEMBER_E_MONEY_UPDATE) values (2,5,500,'3회차 로또 이벤트 보상입니다.',0,null,to_date('24/11/15 12:31:07','RR/MM/DD HH24:MI:SS'));
Insert into WITHJO.MEMBER_E_MONEY (MEMBER_NO,MEMBER_E_MONEY_NO,MEMBER_E_MONEY_PLUS,MEMBER_E_MONEY_PLUS_DETAIL,MEMBER_E_MONEY_MINUS,MEMBER_E_MONEY_MINUS_DETAIL,MEMBER_E_MONEY_UPDATE) values (3,6,500,'3회차 로또 이벤트 보상입니다.',0,null,to_date('24/11/15 12:32:37','RR/MM/DD HH24:MI:SS'));
Insert into WITHJO.MEMBER_E_MONEY (MEMBER_NO,MEMBER_E_MONEY_NO,MEMBER_E_MONEY_PLUS,MEMBER_E_MONEY_PLUS_DETAIL,MEMBER_E_MONEY_MINUS,MEMBER_E_MONEY_MINUS_DETAIL,MEMBER_E_MONEY_UPDATE) values (3,7,500,'3회차 로또 이벤트 보상입니다.',0,null,to_date('24/11/15 12:32:39','RR/MM/DD HH24:MI:SS'));
Insert into WITHJO.MEMBER_E_MONEY (MEMBER_NO,MEMBER_E_MONEY_NO,MEMBER_E_MONEY_PLUS,MEMBER_E_MONEY_PLUS_DETAIL,MEMBER_E_MONEY_MINUS,MEMBER_E_MONEY_MINUS_DETAIL,MEMBER_E_MONEY_UPDATE) values (3,8,500,'3회차 로또 이벤트 보상입니다.',0,null,to_date('24/11/15 12:32:40','RR/MM/DD HH24:MI:SS'));
Insert into WITHJO.MEMBER_E_MONEY (MEMBER_NO,MEMBER_E_MONEY_NO,MEMBER_E_MONEY_PLUS,MEMBER_E_MONEY_PLUS_DETAIL,MEMBER_E_MONEY_MINUS,MEMBER_E_MONEY_MINUS_DETAIL,MEMBER_E_MONEY_UPDATE) values (3,9,500,'3회차 로또 이벤트 보상입니다.',0,null,to_date('24/11/15 12:32:40','RR/MM/DD HH24:MI:SS'));
Insert into WITHJO.MEMBER_E_MONEY (MEMBER_NO,MEMBER_E_MONEY_NO,MEMBER_E_MONEY_PLUS,MEMBER_E_MONEY_PLUS_DETAIL,MEMBER_E_MONEY_MINUS,MEMBER_E_MONEY_MINUS_DETAIL,MEMBER_E_MONEY_UPDATE) values (3,10,500,'3회차 로또 이벤트 보상입니다.',0,null,to_date('24/11/15 12:32:41','RR/MM/DD HH24:MI:SS'));
Insert into WITHJO.MEMBER_E_MONEY (MEMBER_NO,MEMBER_E_MONEY_NO,MEMBER_E_MONEY_PLUS,MEMBER_E_MONEY_PLUS_DETAIL,MEMBER_E_MONEY_MINUS,MEMBER_E_MONEY_MINUS_DETAIL,MEMBER_E_MONEY_UPDATE) values (4,11,0,null,26000,'수강신청',to_date('24/11/15 13:10:17','RR/MM/DD HH24:MI:SS'));
Insert into WITHJO.MEMBER_E_MONEY (MEMBER_NO,MEMBER_E_MONEY_NO,MEMBER_E_MONEY_PLUS,MEMBER_E_MONEY_PLUS_DETAIL,MEMBER_E_MONEY_MINUS,MEMBER_E_MONEY_MINUS_DETAIL,MEMBER_E_MONEY_UPDATE) values (4,12,0,null,26000,'수강신청',to_date('24/11/15 13:10:24','RR/MM/DD HH24:MI:SS'));
Insert into WITHJO.MEMBER_E_MONEY (MEMBER_NO,MEMBER_E_MONEY_NO,MEMBER_E_MONEY_PLUS,MEMBER_E_MONEY_PLUS_DETAIL,MEMBER_E_MONEY_MINUS,MEMBER_E_MONEY_MINUS_DETAIL,MEMBER_E_MONEY_UPDATE) values (5,13,26000,'수강 취소',26000,'수강신청',to_date('24/11/15 15:18:23','RR/MM/DD HH24:MI:SS'));
Insert into WITHJO.MEMBER_E_MONEY (MEMBER_NO,MEMBER_E_MONEY_NO,MEMBER_E_MONEY_PLUS,MEMBER_E_MONEY_PLUS_DETAIL,MEMBER_E_MONEY_MINUS,MEMBER_E_MONEY_MINUS_DETAIL,MEMBER_E_MONEY_UPDATE) values (6,14,26000,'수강 취소',26000,'수강신청',to_date('24/11/15 16:20:14','RR/MM/DD HH24:MI:SS'));
Insert into WITHJO.MEMBER_E_MONEY (MEMBER_NO,MEMBER_E_MONEY_NO,MEMBER_E_MONEY_PLUS,MEMBER_E_MONEY_PLUS_DETAIL,MEMBER_E_MONEY_MINUS,MEMBER_E_MONEY_MINUS_DETAIL,MEMBER_E_MONEY_UPDATE) values (6,15,500,'3회차 로또 이벤트 보상입니다.',0,null,to_date('24/11/15 16:20:46','RR/MM/DD HH24:MI:SS'));
Insert into WITHJO.MEMBER_E_MONEY (MEMBER_NO,MEMBER_E_MONEY_NO,MEMBER_E_MONEY_PLUS,MEMBER_E_MONEY_PLUS_DETAIL,MEMBER_E_MONEY_MINUS,MEMBER_E_MONEY_MINUS_DETAIL,MEMBER_E_MONEY_UPDATE) values (7,16,0,null,26000,'수강신청',to_date('24/11/15 16:23:56','RR/MM/DD HH24:MI:SS'));
Insert into WITHJO.MEMBER_E_MONEY (MEMBER_NO,MEMBER_E_MONEY_NO,MEMBER_E_MONEY_PLUS,MEMBER_E_MONEY_PLUS_DETAIL,MEMBER_E_MONEY_MINUS,MEMBER_E_MONEY_MINUS_DETAIL,MEMBER_E_MONEY_UPDATE) values (7,17,26000,'수강 취소',0,null,to_date('24/11/15 16:27:39','RR/MM/DD HH24:MI:SS'));
Insert into WITHJO.MEMBER_E_MONEY (MEMBER_NO,MEMBER_E_MONEY_NO,MEMBER_E_MONEY_PLUS,MEMBER_E_MONEY_PLUS_DETAIL,MEMBER_E_MONEY_MINUS,MEMBER_E_MONEY_MINUS_DETAIL,MEMBER_E_MONEY_UPDATE) values (7,21,1000,'1회차 게시판 이벤트 보상입니다.',0,null,to_date('24/11/18 13:03:38','RR/MM/DD HH24:MI:SS'));
Insert into WITHJO.MEMBER_E_MONEY (MEMBER_NO,MEMBER_E_MONEY_NO,MEMBER_E_MONEY_PLUS,MEMBER_E_MONEY_PLUS_DETAIL,MEMBER_E_MONEY_MINUS,MEMBER_E_MONEY_MINUS_DETAIL,MEMBER_E_MONEY_UPDATE) values (5,22,1000,'1회차 게시판 이벤트 보상입니다.',0,null,to_date('24/11/18 13:03:38','RR/MM/DD HH24:MI:SS'));
Insert into WITHJO.MEMBER_E_MONEY (MEMBER_NO,MEMBER_E_MONEY_NO,MEMBER_E_MONEY_PLUS,MEMBER_E_MONEY_PLUS_DETAIL,MEMBER_E_MONEY_MINUS,MEMBER_E_MONEY_MINUS_DETAIL,MEMBER_E_MONEY_UPDATE) values (8,23,1000,'1회차 게시판 이벤트 보상입니다.',0,null,to_date('24/11/18 13:03:38','RR/MM/DD HH24:MI:SS'));
Insert into WITHJO.MEMBER_E_MONEY (MEMBER_NO,MEMBER_E_MONEY_NO,MEMBER_E_MONEY_PLUS,MEMBER_E_MONEY_PLUS_DETAIL,MEMBER_E_MONEY_MINUS,MEMBER_E_MONEY_MINUS_DETAIL,MEMBER_E_MONEY_UPDATE) values (14,24,1500,'2회차 게시판 이벤트 보상입니다.',0,null,to_date('24/11/18 13:03:53','RR/MM/DD HH24:MI:SS'));
Insert into WITHJO.MEMBER_E_MONEY (MEMBER_NO,MEMBER_E_MONEY_NO,MEMBER_E_MONEY_PLUS,MEMBER_E_MONEY_PLUS_DETAIL,MEMBER_E_MONEY_MINUS,MEMBER_E_MONEY_MINUS_DETAIL,MEMBER_E_MONEY_UPDATE) values (21,25,1500,'2회차 게시판 이벤트 보상입니다.',0,null,to_date('24/11/18 13:03:53','RR/MM/DD HH24:MI:SS'));
Insert into WITHJO.MEMBER_E_MONEY (MEMBER_NO,MEMBER_E_MONEY_NO,MEMBER_E_MONEY_PLUS,MEMBER_E_MONEY_PLUS_DETAIL,MEMBER_E_MONEY_MINUS,MEMBER_E_MONEY_MINUS_DETAIL,MEMBER_E_MONEY_UPDATE) values (23,26,1500,'2회차 게시판 이벤트 보상입니다.',0,null,to_date('24/11/18 13:03:53','RR/MM/DD HH24:MI:SS'));
Insert into WITHJO.MEMBER_E_MONEY (MEMBER_NO,MEMBER_E_MONEY_NO,MEMBER_E_MONEY_PLUS,MEMBER_E_MONEY_PLUS_DETAIL,MEMBER_E_MONEY_MINUS,MEMBER_E_MONEY_MINUS_DETAIL,MEMBER_E_MONEY_UPDATE) values (17,27,1000,'1회차 게시판 이벤트 보상입니다.',0,null,to_date('24/11/18 13:05:46','RR/MM/DD HH24:MI:SS'));
Insert into WITHJO.MEMBER_E_MONEY (MEMBER_NO,MEMBER_E_MONEY_NO,MEMBER_E_MONEY_PLUS,MEMBER_E_MONEY_PLUS_DETAIL,MEMBER_E_MONEY_MINUS,MEMBER_E_MONEY_MINUS_DETAIL,MEMBER_E_MONEY_UPDATE) values (6,28,1000,'1회차 게시판 이벤트 보상입니다.',0,null,to_date('24/11/18 13:05:46','RR/MM/DD HH24:MI:SS'));
Insert into WITHJO.MEMBER_E_MONEY (MEMBER_NO,MEMBER_E_MONEY_NO,MEMBER_E_MONEY_PLUS,MEMBER_E_MONEY_PLUS_DETAIL,MEMBER_E_MONEY_MINUS,MEMBER_E_MONEY_MINUS_DETAIL,MEMBER_E_MONEY_UPDATE) values (23,29,1000,'1회차 게시판 이벤트 보상입니다.',0,null,to_date('24/11/18 13:05:46','RR/MM/DD HH24:MI:SS'));
Insert into WITHJO.MEMBER_E_MONEY (MEMBER_NO,MEMBER_E_MONEY_NO,MEMBER_E_MONEY_PLUS,MEMBER_E_MONEY_PLUS_DETAIL,MEMBER_E_MONEY_MINUS,MEMBER_E_MONEY_MINUS_DETAIL,MEMBER_E_MONEY_UPDATE) values (7,30,1000,'1회차 게시판 이벤트 보상입니다.',0,null,to_date('24/11/18 13:05:46','RR/MM/DD HH24:MI:SS'));
Insert into WITHJO.MEMBER_E_MONEY (MEMBER_NO,MEMBER_E_MONEY_NO,MEMBER_E_MONEY_PLUS,MEMBER_E_MONEY_PLUS_DETAIL,MEMBER_E_MONEY_MINUS,MEMBER_E_MONEY_MINUS_DETAIL,MEMBER_E_MONEY_UPDATE) values (20,31,1500,'2회차 게시판 이벤트 보상입니다.',0,null,to_date('24/11/18 13:05:58','RR/MM/DD HH24:MI:SS'));
Insert into WITHJO.MEMBER_E_MONEY (MEMBER_NO,MEMBER_E_MONEY_NO,MEMBER_E_MONEY_PLUS,MEMBER_E_MONEY_PLUS_DETAIL,MEMBER_E_MONEY_MINUS,MEMBER_E_MONEY_MINUS_DETAIL,MEMBER_E_MONEY_UPDATE) values (22,32,1500,'2회차 게시판 이벤트 보상입니다.',0,null,to_date('24/11/18 13:05:58','RR/MM/DD HH24:MI:SS'));
Insert into WITHJO.MEMBER_E_MONEY (MEMBER_NO,MEMBER_E_MONEY_NO,MEMBER_E_MONEY_PLUS,MEMBER_E_MONEY_PLUS_DETAIL,MEMBER_E_MONEY_MINUS,MEMBER_E_MONEY_MINUS_DETAIL,MEMBER_E_MONEY_UPDATE) values (10,33,1500,'2회차 게시판 이벤트 보상입니다.',0,null,to_date('24/11/18 13:05:58','RR/MM/DD HH24:MI:SS'));
Insert into WITHJO.MEMBER_E_MONEY (MEMBER_NO,MEMBER_E_MONEY_NO,MEMBER_E_MONEY_PLUS,MEMBER_E_MONEY_PLUS_DETAIL,MEMBER_E_MONEY_MINUS,MEMBER_E_MONEY_MINUS_DETAIL,MEMBER_E_MONEY_UPDATE) values (7,34,1500,'2회차 게시판 이벤트 보상입니다.',0,null,to_date('24/11/18 13:05:58','RR/MM/DD HH24:MI:SS'));
Insert into WITHJO.MEMBER_E_MONEY (MEMBER_NO,MEMBER_E_MONEY_NO,MEMBER_E_MONEY_PLUS,MEMBER_E_MONEY_PLUS_DETAIL,MEMBER_E_MONEY_MINUS,MEMBER_E_MONEY_MINUS_DETAIL,MEMBER_E_MONEY_UPDATE) values (15,35,1500,'2회차 게시판 이벤트 보상입니다.',0,null,to_date('24/11/18 13:05:58','RR/MM/DD HH24:MI:SS'));
Insert into WITHJO.MEMBER_E_MONEY (MEMBER_NO,MEMBER_E_MONEY_NO,MEMBER_E_MONEY_PLUS,MEMBER_E_MONEY_PLUS_DETAIL,MEMBER_E_MONEY_MINUS,MEMBER_E_MONEY_MINUS_DETAIL,MEMBER_E_MONEY_UPDATE) values (14,36,1500,'3회차 게시판 이벤트 보상입니다.',0,null,to_date('24/11/18 13:06:10','RR/MM/DD HH24:MI:SS'));
Insert into WITHJO.MEMBER_E_MONEY (MEMBER_NO,MEMBER_E_MONEY_NO,MEMBER_E_MONEY_PLUS,MEMBER_E_MONEY_PLUS_DETAIL,MEMBER_E_MONEY_MINUS,MEMBER_E_MONEY_MINUS_DETAIL,MEMBER_E_MONEY_UPDATE) values (15,37,1500,'3회차 게시판 이벤트 보상입니다.',0,null,to_date('24/11/18 13:06:10','RR/MM/DD HH24:MI:SS'));
Insert into WITHJO.MEMBER_E_MONEY (MEMBER_NO,MEMBER_E_MONEY_NO,MEMBER_E_MONEY_PLUS,MEMBER_E_MONEY_PLUS_DETAIL,MEMBER_E_MONEY_MINUS,MEMBER_E_MONEY_MINUS_DETAIL,MEMBER_E_MONEY_UPDATE) values (7,38,1500,'3회차 게시판 이벤트 보상입니다.',0,null,to_date('24/11/18 13:06:10','RR/MM/DD HH24:MI:SS'));
REM INSERTING into WITHJO.NOTICE
SET DEFINE OFF;
Insert into WITHJO.NOTICE (NOTICE_NO,MEMBER_NO,NOTICE_TITLE,NOTICE_CONTENT,NOTICE_IMG,NOTICE_CREDATE,NOTICE_UPDATE) values (1,1,'어서오세요 함께해JO 입니다.','여러분과 함께 성장하는 함께해JO가 되겠습니다',null,to_date('24/11/15 10:48:46','RR/MM/DD HH24:MI:SS'),to_date('24/11/15 10:48:46','RR/MM/DD HH24:MI:SS'));
Insert into WITHJO.NOTICE (NOTICE_NO,MEMBER_NO,NOTICE_TITLE,NOTICE_CONTENT,NOTICE_IMG,NOTICE_CREDATE,NOTICE_UPDATE) values (2,1,'수강신청안내','해당연령과 날짜, 시간대를 유의하여 신청해주세요!',null,to_date('24/11/15 10:48:46','RR/MM/DD HH24:MI:SS'),to_date('24/11/15 10:48:46','RR/MM/DD HH24:MI:SS'));
Insert into WITHJO.NOTICE (NOTICE_NO,MEMBER_NO,NOTICE_TITLE,NOTICE_CONTENT,NOTICE_IMG,NOTICE_CREDATE,NOTICE_UPDATE) values (3,1,'로또 이벤트 안내','로또이벤트는 회차당 5번 가능합니다. 감사합니다.',null,to_date('24/11/15 10:48:46','RR/MM/DD HH24:MI:SS'),to_date('24/11/15 10:48:46','RR/MM/DD HH24:MI:SS'));
Insert into WITHJO.NOTICE (NOTICE_NO,MEMBER_NO,NOTICE_TITLE,NOTICE_CONTENT,NOTICE_IMG,NOTICE_CREDATE,NOTICE_UPDATE) values (4,1,'게시판 이벤트 안내','매 회차마다 지정날짜 안에 작성하신 게시글중 무작위로 회차의 추첨인원분들께 포인트를 드립니다',null,to_date('24/11/15 10:48:46','RR/MM/DD HH24:MI:SS'),to_date('24/11/15 10:48:46','RR/MM/DD HH24:MI:SS'));
Insert into WITHJO.NOTICE (NOTICE_NO,MEMBER_NO,NOTICE_TITLE,NOTICE_CONTENT,NOTICE_IMG,NOTICE_CREDATE,NOTICE_UPDATE) values (5,1,'회원가입 안내','회원가입 해주셔서 감사합니다. 여러분의 건강한 취미할동을 돕겠습니다.',null,to_date('24/11/15 10:48:46','RR/MM/DD HH24:MI:SS'),to_date('24/11/15 10:48:46','RR/MM/DD HH24:MI:SS'));
Insert into WITHJO.NOTICE (NOTICE_NO,MEMBER_NO,NOTICE_TITLE,NOTICE_CONTENT,NOTICE_IMG,NOTICE_CREDATE,NOTICE_UPDATE) values (6,1,'어서오세요 함께해JO 입니다.','여러분과 함께 성장하는 함께해JO가 되겠습니다',null,to_date('24/11/15 10:48:46','RR/MM/DD HH24:MI:SS'),to_date('24/11/15 10:48:46','RR/MM/DD HH24:MI:SS'));
Insert into WITHJO.NOTICE (NOTICE_NO,MEMBER_NO,NOTICE_TITLE,NOTICE_CONTENT,NOTICE_IMG,NOTICE_CREDATE,NOTICE_UPDATE) values (7,1,'수강신청안내','해당연령과 날짜, 시간대를 유의하여 신청해주세요!',null,to_date('24/11/15 10:48:46','RR/MM/DD HH24:MI:SS'),to_date('24/11/15 10:48:46','RR/MM/DD HH24:MI:SS'));
Insert into WITHJO.NOTICE (NOTICE_NO,MEMBER_NO,NOTICE_TITLE,NOTICE_CONTENT,NOTICE_IMG,NOTICE_CREDATE,NOTICE_UPDATE) values (8,1,'로또 이벤트 안내','로또이벤트는 회차당 5번 가능합니다. 감사합니다.',null,to_date('24/11/15 10:48:46','RR/MM/DD HH24:MI:SS'),to_date('24/11/15 10:48:46','RR/MM/DD HH24:MI:SS'));
Insert into WITHJO.NOTICE (NOTICE_NO,MEMBER_NO,NOTICE_TITLE,NOTICE_CONTENT,NOTICE_IMG,NOTICE_CREDATE,NOTICE_UPDATE) values (9,1,'게시판 이벤트 안내','매 회차마다 지정날짜 안에 작성하신 게시글중 무작위로 회차의 추첨인원분들께 포인트를 드립니다',null,to_date('24/11/15 10:48:46','RR/MM/DD HH24:MI:SS'),to_date('24/11/15 10:48:46','RR/MM/DD HH24:MI:SS'));
Insert into WITHJO.NOTICE (NOTICE_NO,MEMBER_NO,NOTICE_TITLE,NOTICE_CONTENT,NOTICE_IMG,NOTICE_CREDATE,NOTICE_UPDATE) values (10,1,'회원가입 안내','회원가입 해주셔서 감사합니다. 여러분의 건강한 취미할동을 돕겠습니다.',null,to_date('24/11/15 10:48:46','RR/MM/DD HH24:MI:SS'),to_date('24/11/15 10:48:46','RR/MM/DD HH24:MI:SS'));
Insert into WITHJO.NOTICE (NOTICE_NO,MEMBER_NO,NOTICE_TITLE,NOTICE_CONTENT,NOTICE_IMG,NOTICE_CREDATE,NOTICE_UPDATE) values (11,1,'어서오세요 함께해JO 입니다.','여러분과 함께 성장하는 함께해JO가 되겠습니다',null,to_date('24/11/15 10:48:46','RR/MM/DD HH24:MI:SS'),to_date('24/11/15 10:48:46','RR/MM/DD HH24:MI:SS'));
Insert into WITHJO.NOTICE (NOTICE_NO,MEMBER_NO,NOTICE_TITLE,NOTICE_CONTENT,NOTICE_IMG,NOTICE_CREDATE,NOTICE_UPDATE) values (12,1,'수강신청안내','해당연령과 날짜, 시간대를 유의하여 신청해주세요!',null,to_date('24/11/15 10:48:46','RR/MM/DD HH24:MI:SS'),to_date('24/11/15 10:48:46','RR/MM/DD HH24:MI:SS'));
Insert into WITHJO.NOTICE (NOTICE_NO,MEMBER_NO,NOTICE_TITLE,NOTICE_CONTENT,NOTICE_IMG,NOTICE_CREDATE,NOTICE_UPDATE) values (13,1,'로또 이벤트 안내','로또이벤트는 회차당 5번 가능합니다. 감사합니다.',null,to_date('24/11/15 10:48:46','RR/MM/DD HH24:MI:SS'),to_date('24/11/15 10:48:46','RR/MM/DD HH24:MI:SS'));
Insert into WITHJO.NOTICE (NOTICE_NO,MEMBER_NO,NOTICE_TITLE,NOTICE_CONTENT,NOTICE_IMG,NOTICE_CREDATE,NOTICE_UPDATE) values (14,1,'게시판 이벤트 안내','매 회차마다 지정날짜 안에 작성하신 게시글중 무작위로 회차의 추첨인원분들께 포인트를 드립니다',null,to_date('24/11/15 10:48:46','RR/MM/DD HH24:MI:SS'),to_date('24/11/15 10:48:46','RR/MM/DD HH24:MI:SS'));
Insert into WITHJO.NOTICE (NOTICE_NO,MEMBER_NO,NOTICE_TITLE,NOTICE_CONTENT,NOTICE_IMG,NOTICE_CREDATE,NOTICE_UPDATE) values (15,1,'회원가입 안내','회원가입 해주셔서 감사합니다. 여러분의 건강한 취미할동을 돕겠습니다.',null,to_date('24/11/15 10:48:46','RR/MM/DD HH24:MI:SS'),to_date('24/11/15 10:48:46','RR/MM/DD HH24:MI:SS'));
Insert into WITHJO.NOTICE (NOTICE_NO,MEMBER_NO,NOTICE_TITLE,NOTICE_CONTENT,NOTICE_IMG,NOTICE_CREDATE,NOTICE_UPDATE) values (16,1,'어서오세요 함께해JO 입니다.','여러분과 함께 성장하는 함께해JO가 되겠습니다',null,to_date('24/11/15 10:48:46','RR/MM/DD HH24:MI:SS'),to_date('24/11/15 10:48:46','RR/MM/DD HH24:MI:SS'));
Insert into WITHJO.NOTICE (NOTICE_NO,MEMBER_NO,NOTICE_TITLE,NOTICE_CONTENT,NOTICE_IMG,NOTICE_CREDATE,NOTICE_UPDATE) values (17,1,'수강신청안내','해당연령과 날짜, 시간대를 유의하여 신청해주세요!',null,to_date('24/11/15 10:48:46','RR/MM/DD HH24:MI:SS'),to_date('24/11/15 10:48:46','RR/MM/DD HH24:MI:SS'));
Insert into WITHJO.NOTICE (NOTICE_NO,MEMBER_NO,NOTICE_TITLE,NOTICE_CONTENT,NOTICE_IMG,NOTICE_CREDATE,NOTICE_UPDATE) values (18,1,'로또 이벤트 안내','로또이벤트는 회차당 5번 가능합니다. 감사합니다.',null,to_date('24/11/15 10:48:46','RR/MM/DD HH24:MI:SS'),to_date('24/11/15 10:48:46','RR/MM/DD HH24:MI:SS'));
Insert into WITHJO.NOTICE (NOTICE_NO,MEMBER_NO,NOTICE_TITLE,NOTICE_CONTENT,NOTICE_IMG,NOTICE_CREDATE,NOTICE_UPDATE) values (19,1,'게시판 이벤트 안내','매 회차마다 지정날짜 안에 작성하신 게시글중 무작위로 회차의 추첨인원분들께 포인트를 드립니다',null,to_date('24/11/15 10:48:46','RR/MM/DD HH24:MI:SS'),to_date('24/11/15 10:48:46','RR/MM/DD HH24:MI:SS'));
Insert into WITHJO.NOTICE (NOTICE_NO,MEMBER_NO,NOTICE_TITLE,NOTICE_CONTENT,NOTICE_IMG,NOTICE_CREDATE,NOTICE_UPDATE) values (20,1,'회원가입 안내','회원가입 해주셔서 감사합니다. 여러분의 건강한 취미할동을 돕겠습니다.',null,to_date('24/11/15 10:48:46','RR/MM/DD HH24:MI:SS'),to_date('24/11/15 10:48:46','RR/MM/DD HH24:MI:SS'));
Insert into WITHJO.NOTICE (NOTICE_NO,MEMBER_NO,NOTICE_TITLE,NOTICE_CONTENT,NOTICE_IMG,NOTICE_CREDATE,NOTICE_UPDATE) values (21,1,'어서오세요 함께해JO 입니다.','여러분과 함께 성장하는 함께해JO가 되겠습니다',null,to_date('24/11/15 10:48:46','RR/MM/DD HH24:MI:SS'),to_date('24/11/15 10:48:46','RR/MM/DD HH24:MI:SS'));
Insert into WITHJO.NOTICE (NOTICE_NO,MEMBER_NO,NOTICE_TITLE,NOTICE_CONTENT,NOTICE_IMG,NOTICE_CREDATE,NOTICE_UPDATE) values (22,1,'수강신청안내','해당연령과 날짜, 시간대를 유의하여 신청해주세요!',null,to_date('24/11/15 10:48:46','RR/MM/DD HH24:MI:SS'),to_date('24/11/15 10:48:46','RR/MM/DD HH24:MI:SS'));
Insert into WITHJO.NOTICE (NOTICE_NO,MEMBER_NO,NOTICE_TITLE,NOTICE_CONTENT,NOTICE_IMG,NOTICE_CREDATE,NOTICE_UPDATE) values (23,1,'로또 이벤트 안내','로또이벤트는 회차당 5번 가능합니다. 감사합니다.',null,to_date('24/11/15 10:48:46','RR/MM/DD HH24:MI:SS'),to_date('24/11/15 10:48:46','RR/MM/DD HH24:MI:SS'));
Insert into WITHJO.NOTICE (NOTICE_NO,MEMBER_NO,NOTICE_TITLE,NOTICE_CONTENT,NOTICE_IMG,NOTICE_CREDATE,NOTICE_UPDATE) values (24,1,'게시판 이벤트 안내','매 회차마다 지정날짜 안에 작성하신 게시글중 무작위로 회차의 추첨인원분들께 포인트를 드립니다',null,to_date('24/11/15 10:48:46','RR/MM/DD HH24:MI:SS'),to_date('24/11/15 10:48:46','RR/MM/DD HH24:MI:SS'));
Insert into WITHJO.NOTICE (NOTICE_NO,MEMBER_NO,NOTICE_TITLE,NOTICE_CONTENT,NOTICE_IMG,NOTICE_CREDATE,NOTICE_UPDATE) values (25,1,'회원가입 안내','회원가입 해주셔서 감사합니다. 여러분의 건강한 취미할동을 돕겠습니다.',null,to_date('24/11/15 10:48:46','RR/MM/DD HH24:MI:SS'),to_date('24/11/15 10:48:46','RR/MM/DD HH24:MI:SS'));
Insert into WITHJO.NOTICE (NOTICE_NO,MEMBER_NO,NOTICE_TITLE,NOTICE_CONTENT,NOTICE_IMG,NOTICE_CREDATE,NOTICE_UPDATE) values (26,1,'WITH JO 사이트 운영정책 안내','1) 운영 정책은 커뮤니티 사이트 내 질서 유지와 카페 이용자들의 소통의 권리를 보호하기 위해 마련되었으며, 안내된 내용을 위반할 시 운영정책에 따른 제재를 받을 수 있습니다.

2) 운영 정책 내 위반되는 모든 사항에 대하여 사전 통보 없이 삭제, 이동, 수정될 수 있으며 아래 내용에 자세히 언급되지 않은 모든 사항에 대해서 카페 내 분위기와 게임 서비스 이용에 악영향을 미친다고 판단될 시 제재 처리될 수 있습니다.
','20241115110258205.jpg',to_date('24/11/15 11:02:58','RR/MM/DD HH24:MI:SS'),to_date('24/11/15 11:02:58','RR/MM/DD HH24:MI:SS'));
Insert into WITHJO.NOTICE (NOTICE_NO,MEMBER_NO,NOTICE_TITLE,NOTICE_CONTENT,NOTICE_IMG,NOTICE_CREDATE,NOTICE_UPDATE) values (27,1,'WITH JO 사이트 개인정보 규정 안내','
1) 카페 관리자는 이벤트 경품 발송 등 공적인 운영을 위해 지정한 방식으로 개인 정보를 요청할 수 있지만, 별도의 수단을 통해 회원의 개인 정보를 요청하지 않습니다.

2) 개인 정보에 대해서는 본인의 부주의로 인해 노출되지 않도록 조심해 주시길 바랍니다. 더불어 개인 정보가 포함된 글을 게시하는 것은 자제하시기를 권고 드립니다.
','20241115110337659.jpg',to_date('24/11/15 11:03:37','RR/MM/DD HH24:MI:SS'),to_date('24/11/15 11:03:37','RR/MM/DD HH24:MI:SS'));
Insert into WITHJO.NOTICE (NOTICE_NO,MEMBER_NO,NOTICE_TITLE,NOTICE_CONTENT,NOTICE_IMG,NOTICE_CREDATE,NOTICE_UPDATE) values (31,1,'WITH JO 사이트 이용 제한 규정 (1)','※ 해당 규정은 게시글과 댓글 등 커뮤니티에 게재되는 게시물 일체에 적용됩니다.

※ 제재는 순차적으로 진행되는 것을 원칙으로 하지만, 타인의 게임 이용 및 운영에 심각한 악영향을 끼치는 비매너 행위가 확인될 경우, 해당되는 이용 제한 규정 이상의 제한 조치가 가해질 수 있습니다. (최대 강제 탈퇴 및 재가입 불가 제재 조치)
','20241115110541337.jpg',to_date('24/11/15 11:05:41','RR/MM/DD HH24:MI:SS'),to_date('24/11/15 11:05:41','RR/MM/DD HH24:MI:SS'));
Insert into WITHJO.NOTICE (NOTICE_NO,MEMBER_NO,NOTICE_TITLE,NOTICE_CONTENT,NOTICE_IMG,NOTICE_CREDATE,NOTICE_UPDATE) values (32,1,'WITH JO 사이트 이용 제한 규정 (2)','※ 일부 규정에 한하여 게시물의 게시판 이동, 게시물 삭제, 댓글 경고 등의 제재가 우선적으로 이루어질 수 있으며, 수정 권고를 이행하지 않을 시 추후 추가적인 제재 처리가 가해질 수 있습니다.

※ 게임 서비스와 관련하여 카페 회원은 아래 운영 정책을 위반한 회원을 불법 신고 게시판을 통해 신고할 수 있습니다. 단, 불법 신고 게시판 이용 시 게시판의 신고 양식 및 주의사항을 반드시 확인해 주시길 바랍니다.
','20241115110557917.jpg',to_date('24/11/15 11:05:57','RR/MM/DD HH24:MI:SS'),to_date('24/11/15 11:05:57','RR/MM/DD HH24:MI:SS'));
Insert into WITHJO.NOTICE (NOTICE_NO,MEMBER_NO,NOTICE_TITLE,NOTICE_CONTENT,NOTICE_IMG,NOTICE_CREDATE,NOTICE_UPDATE) values (33,1,'수강신청 관련 안내','가족 이외 대리 수강신청 적발 시 해당 수강신청은은 취소될 수 있음을 공지합니다','20241115110907039.jpg',to_date('24/11/15 11:09:07','RR/MM/DD HH24:MI:SS'),to_date('24/11/15 11:09:07','RR/MM/DD HH24:MI:SS'));
--------------------------------------------------------
--  DDL for Index BOARD_NO_PK
--------------------------------------------------------

  CREATE UNIQUE INDEX "WITHJO"."BOARD_NO_PK" ON "WITHJO"."BOARD" ("BOARD_NO") 
  PCTFREE 10 INITRANS 2 MAXTRANS 255 COMPUTE STATISTICS 
  STORAGE(INITIAL 65536 NEXT 1048576 MINEXTENTS 1 MAXEXTENTS 2147483645
  PCTINCREASE 0 FREELISTS 1 FREELIST GROUPS 1 BUFFER_POOL DEFAULT FLASH_CACHE DEFAULT CELL_FLASH_CACHE DEFAULT)
  TABLESPACE "SYSTEM" ;
--------------------------------------------------------
--  DDL for Index CATEGORY_NO_PK
--------------------------------------------------------

  CREATE UNIQUE INDEX "WITHJO"."CATEGORY_NO_PK" ON "WITHJO"."CATEGORY" ("CATEGORY_NO") 
  PCTFREE 10 INITRANS 2 MAXTRANS 255 COMPUTE STATISTICS 
  STORAGE(INITIAL 65536 NEXT 1048576 MINEXTENTS 1 MAXEXTENTS 2147483645
  PCTINCREASE 0 FREELISTS 1 FREELIST GROUPS 1 BUFFER_POOL DEFAULT FLASH_CACHE DEFAULT CELL_FLASH_CACHE DEFAULT)
  TABLESPACE "SYSTEM" ;
--------------------------------------------------------
--  DDL for Index COMMENTS_NO_PK
--------------------------------------------------------

  CREATE UNIQUE INDEX "WITHJO"."COMMENTS_NO_PK" ON "WITHJO"."COMMENTS" ("COMMENTS_NO") 
  PCTFREE 10 INITRANS 2 MAXTRANS 255 COMPUTE STATISTICS 
  STORAGE(INITIAL 65536 NEXT 1048576 MINEXTENTS 1 MAXEXTENTS 2147483645
  PCTINCREASE 0 FREELISTS 1 FREELIST GROUPS 1 BUFFER_POOL DEFAULT FLASH_CACHE DEFAULT CELL_FLASH_CACHE DEFAULT)
  TABLESPACE "SYSTEM" ;
--------------------------------------------------------
--  DDL for Index COURSE_LIST_DAY_NO_PK
--------------------------------------------------------

  CREATE UNIQUE INDEX "WITHJO"."COURSE_LIST_DAY_NO_PK" ON "WITHJO"."COURSE_LIST_DAY" ("COURSE_LIST_DAY_NO") 
  PCTFREE 10 INITRANS 2 MAXTRANS 255 
  STORAGE(INITIAL 65536 NEXT 1048576 MINEXTENTS 1 MAXEXTENTS 2147483645
  PCTINCREASE 0 FREELISTS 1 FREELIST GROUPS 1 BUFFER_POOL DEFAULT FLASH_CACHE DEFAULT CELL_FLASH_CACHE DEFAULT)
  TABLESPACE "SYSTEM" ;
--------------------------------------------------------
--  DDL for Index COURSE_NO_PK
--------------------------------------------------------

  CREATE UNIQUE INDEX "WITHJO"."COURSE_NO_PK" ON "WITHJO"."COURSE_LIST" ("COURSE_NO") 
  PCTFREE 10 INITRANS 2 MAXTRANS 255 
  STORAGE(INITIAL 65536 NEXT 1048576 MINEXTENTS 1 MAXEXTENTS 2147483645
  PCTINCREASE 0 FREELISTS 1 FREELIST GROUPS 1 BUFFER_POOL DEFAULT FLASH_CACHE DEFAULT CELL_FLASH_CACHE DEFAULT)
  TABLESPACE "SYSTEM" ;
--------------------------------------------------------
--  DDL for Index CUSTOMER_NO
--------------------------------------------------------

  CREATE UNIQUE INDEX "WITHJO"."CUSTOMER_NO" ON "WITHJO"."CUSTOMER" ("CUSTOMER_NO") 
  PCTFREE 10 INITRANS 2 MAXTRANS 255 COMPUTE STATISTICS 
  STORAGE(INITIAL 65536 NEXT 1048576 MINEXTENTS 1 MAXEXTENTS 2147483645
  PCTINCREASE 0 FREELISTS 1 FREELIST GROUPS 1 BUFFER_POOL DEFAULT FLASH_CACHE DEFAULT CELL_FLASH_CACHE DEFAULT)
  TABLESPACE "SYSTEM" ;
--------------------------------------------------------
--  DDL for Index DRAWING_NO
--------------------------------------------------------

  CREATE UNIQUE INDEX "WITHJO"."DRAWING_NO" ON "WITHJO"."DRAWING" ("DRAWING_NO") 
  PCTFREE 10 INITRANS 2 MAXTRANS 255 
  STORAGE(INITIAL 65536 NEXT 1048576 MINEXTENTS 1 MAXEXTENTS 2147483645
  PCTINCREASE 0 FREELISTS 1 FREELIST GROUPS 1 BUFFER_POOL DEFAULT FLASH_CACHE DEFAULT CELL_FLASH_CACHE DEFAULT)
  TABLESPACE "SYSTEM" ;
--------------------------------------------------------
--  DDL for Index EVENT_NO_PK
--------------------------------------------------------

  CREATE UNIQUE INDEX "WITHJO"."EVENT_NO_PK" ON "WITHJO"."EVENT" ("EVENT_NO") 
  PCTFREE 10 INITRANS 2 MAXTRANS 255 COMPUTE STATISTICS 
  STORAGE(INITIAL 65536 NEXT 1048576 MINEXTENTS 1 MAXEXTENTS 2147483645
  PCTINCREASE 0 FREELISTS 1 FREELIST GROUPS 1 BUFFER_POOL DEFAULT FLASH_CACHE DEFAULT CELL_FLASH_CACHE DEFAULT)
  TABLESPACE "SYSTEM" ;
--------------------------------------------------------
--  DDL for Index LOTTO_NO_PK
--------------------------------------------------------

  CREATE UNIQUE INDEX "WITHJO"."LOTTO_NO_PK" ON "WITHJO"."LOTTO" ("LOTTO_NO") 
  PCTFREE 10 INITRANS 2 MAXTRANS 255 COMPUTE STATISTICS 
  STORAGE(INITIAL 65536 NEXT 1048576 MINEXTENTS 1 MAXEXTENTS 2147483645
  PCTINCREASE 0 FREELISTS 1 FREELIST GROUPS 1 BUFFER_POOL DEFAULT FLASH_CACHE DEFAULT CELL_FLASH_CACHE DEFAULT)
  TABLESPACE "SYSTEM" ;
--------------------------------------------------------
--  DDL for Index MEMBER_COURSE_RESERVE_NO_PK
--------------------------------------------------------

  CREATE UNIQUE INDEX "WITHJO"."MEMBER_COURSE_RESERVE_NO_PK" ON "WITHJO"."MEMBER_COURSE_RESERVE" ("MEMBER_COURSE_RESERVE_NO") 
  PCTFREE 10 INITRANS 2 MAXTRANS 255 
  STORAGE(INITIAL 65536 NEXT 1048576 MINEXTENTS 1 MAXEXTENTS 2147483645
  PCTINCREASE 0 FREELISTS 1 FREELIST GROUPS 1 BUFFER_POOL DEFAULT FLASH_CACHE DEFAULT CELL_FLASH_CACHE DEFAULT)
  TABLESPACE "SYSTEM" ;
--------------------------------------------------------
--  DDL for Index MEMBER_ID_UK
--------------------------------------------------------

  CREATE UNIQUE INDEX "WITHJO"."MEMBER_ID_UK" ON "WITHJO"."MEMBER" ("MEMBER_ID") 
  PCTFREE 10 INITRANS 2 MAXTRANS 255 COMPUTE STATISTICS 
  STORAGE(INITIAL 65536 NEXT 1048576 MINEXTENTS 1 MAXEXTENTS 2147483645
  PCTINCREASE 0 FREELISTS 1 FREELIST GROUPS 1 BUFFER_POOL DEFAULT FLASH_CACHE DEFAULT CELL_FLASH_CACHE DEFAULT)
  TABLESPACE "SYSTEM" ;
--------------------------------------------------------
--  DDL for Index MEMBER_NO_PK
--------------------------------------------------------

  CREATE UNIQUE INDEX "WITHJO"."MEMBER_NO_PK" ON "WITHJO"."MEMBER" ("MEMBER_NO") 
  PCTFREE 10 INITRANS 2 MAXTRANS 255 COMPUTE STATISTICS 
  STORAGE(INITIAL 65536 NEXT 1048576 MINEXTENTS 1 MAXEXTENTS 2147483645
  PCTINCREASE 0 FREELISTS 1 FREELIST GROUPS 1 BUFFER_POOL DEFAULT FLASH_CACHE DEFAULT CELL_FLASH_CACHE DEFAULT)
  TABLESPACE "SYSTEM" ;
--------------------------------------------------------
--  DDL for Index MEMBER_PHONE_NUM_UK
--------------------------------------------------------

  CREATE UNIQUE INDEX "WITHJO"."MEMBER_PHONE_NUM_UK" ON "WITHJO"."MEMBER" ("MEMBER_PHONE_NUM") 
  PCTFREE 10 INITRANS 2 MAXTRANS 255 COMPUTE STATISTICS 
  STORAGE(INITIAL 65536 NEXT 1048576 MINEXTENTS 1 MAXEXTENTS 2147483645
  PCTINCREASE 0 FREELISTS 1 FREELIST GROUPS 1 BUFFER_POOL DEFAULT FLASH_CACHE DEFAULT CELL_FLASH_CACHE DEFAULT)
  TABLESPACE "SYSTEM" ;
--------------------------------------------------------
--  DDL for Index MONEY_MEMBER_E_MONEY_NO_PK
--------------------------------------------------------

  CREATE UNIQUE INDEX "WITHJO"."MONEY_MEMBER_E_MONEY_NO_PK" ON "WITHJO"."MEMBER_E_MONEY" ("MEMBER_E_MONEY_NO") 
  PCTFREE 10 INITRANS 2 MAXTRANS 255 COMPUTE STATISTICS 
  STORAGE(INITIAL 65536 NEXT 1048576 MINEXTENTS 1 MAXEXTENTS 2147483645
  PCTINCREASE 0 FREELISTS 1 FREELIST GROUPS 1 BUFFER_POOL DEFAULT FLASH_CACHE DEFAULT CELL_FLASH_CACHE DEFAULT)
  TABLESPACE "SYSTEM" ;
--------------------------------------------------------
--  DDL for Index NOTICE_NO_PK
--------------------------------------------------------

  CREATE UNIQUE INDEX "WITHJO"."NOTICE_NO_PK" ON "WITHJO"."NOTICE" ("NOTICE_NO") 
  PCTFREE 10 INITRANS 2 MAXTRANS 255 COMPUTE STATISTICS 
  STORAGE(INITIAL 65536 NEXT 1048576 MINEXTENTS 1 MAXEXTENTS 2147483645
  PCTINCREASE 0 FREELISTS 1 FREELIST GROUPS 1 BUFFER_POOL DEFAULT FLASH_CACHE DEFAULT CELL_FLASH_CACHE DEFAULT)
  TABLESPACE "SYSTEM" ;
--------------------------------------------------------
--  DDL for Index BOARD_NO_PK
--------------------------------------------------------

  CREATE UNIQUE INDEX "WITHJO"."BOARD_NO_PK" ON "WITHJO"."BOARD" ("BOARD_NO") 
  PCTFREE 10 INITRANS 2 MAXTRANS 255 COMPUTE STATISTICS 
  STORAGE(INITIAL 65536 NEXT 1048576 MINEXTENTS 1 MAXEXTENTS 2147483645
  PCTINCREASE 0 FREELISTS 1 FREELIST GROUPS 1 BUFFER_POOL DEFAULT FLASH_CACHE DEFAULT CELL_FLASH_CACHE DEFAULT)
  TABLESPACE "SYSTEM" ;
--------------------------------------------------------
--  DDL for Index CATEGORY_NO_PK
--------------------------------------------------------

  CREATE UNIQUE INDEX "WITHJO"."CATEGORY_NO_PK" ON "WITHJO"."CATEGORY" ("CATEGORY_NO") 
  PCTFREE 10 INITRANS 2 MAXTRANS 255 COMPUTE STATISTICS 
  STORAGE(INITIAL 65536 NEXT 1048576 MINEXTENTS 1 MAXEXTENTS 2147483645
  PCTINCREASE 0 FREELISTS 1 FREELIST GROUPS 1 BUFFER_POOL DEFAULT FLASH_CACHE DEFAULT CELL_FLASH_CACHE DEFAULT)
  TABLESPACE "SYSTEM" ;
--------------------------------------------------------
--  DDL for Index COMMENTS_NO_PK
--------------------------------------------------------

  CREATE UNIQUE INDEX "WITHJO"."COMMENTS_NO_PK" ON "WITHJO"."COMMENTS" ("COMMENTS_NO") 
  PCTFREE 10 INITRANS 2 MAXTRANS 255 COMPUTE STATISTICS 
  STORAGE(INITIAL 65536 NEXT 1048576 MINEXTENTS 1 MAXEXTENTS 2147483645
  PCTINCREASE 0 FREELISTS 1 FREELIST GROUPS 1 BUFFER_POOL DEFAULT FLASH_CACHE DEFAULT CELL_FLASH_CACHE DEFAULT)
  TABLESPACE "SYSTEM" ;
--------------------------------------------------------
--  DDL for Index COURSE_NO_PK
--------------------------------------------------------

  CREATE UNIQUE INDEX "WITHJO"."COURSE_NO_PK" ON "WITHJO"."COURSE_LIST" ("COURSE_NO") 
  PCTFREE 10 INITRANS 2 MAXTRANS 255 
  STORAGE(INITIAL 65536 NEXT 1048576 MINEXTENTS 1 MAXEXTENTS 2147483645
  PCTINCREASE 0 FREELISTS 1 FREELIST GROUPS 1 BUFFER_POOL DEFAULT FLASH_CACHE DEFAULT CELL_FLASH_CACHE DEFAULT)
  TABLESPACE "SYSTEM" ;
--------------------------------------------------------
--  DDL for Index COURSE_LIST_DAY_NO_PK
--------------------------------------------------------

  CREATE UNIQUE INDEX "WITHJO"."COURSE_LIST_DAY_NO_PK" ON "WITHJO"."COURSE_LIST_DAY" ("COURSE_LIST_DAY_NO") 
  PCTFREE 10 INITRANS 2 MAXTRANS 255 
  STORAGE(INITIAL 65536 NEXT 1048576 MINEXTENTS 1 MAXEXTENTS 2147483645
  PCTINCREASE 0 FREELISTS 1 FREELIST GROUPS 1 BUFFER_POOL DEFAULT FLASH_CACHE DEFAULT CELL_FLASH_CACHE DEFAULT)
  TABLESPACE "SYSTEM" ;
--------------------------------------------------------
--  DDL for Index CUSTOMER_NO
--------------------------------------------------------

  CREATE UNIQUE INDEX "WITHJO"."CUSTOMER_NO" ON "WITHJO"."CUSTOMER" ("CUSTOMER_NO") 
  PCTFREE 10 INITRANS 2 MAXTRANS 255 COMPUTE STATISTICS 
  STORAGE(INITIAL 65536 NEXT 1048576 MINEXTENTS 1 MAXEXTENTS 2147483645
  PCTINCREASE 0 FREELISTS 1 FREELIST GROUPS 1 BUFFER_POOL DEFAULT FLASH_CACHE DEFAULT CELL_FLASH_CACHE DEFAULT)
  TABLESPACE "SYSTEM" ;
--------------------------------------------------------
--  DDL for Index DRAWING_NO
--------------------------------------------------------

  CREATE UNIQUE INDEX "WITHJO"."DRAWING_NO" ON "WITHJO"."DRAWING" ("DRAWING_NO") 
  PCTFREE 10 INITRANS 2 MAXTRANS 255 
  STORAGE(INITIAL 65536 NEXT 1048576 MINEXTENTS 1 MAXEXTENTS 2147483645
  PCTINCREASE 0 FREELISTS 1 FREELIST GROUPS 1 BUFFER_POOL DEFAULT FLASH_CACHE DEFAULT CELL_FLASH_CACHE DEFAULT)
  TABLESPACE "SYSTEM" ;
--------------------------------------------------------
--  DDL for Index EVENT_NO_PK
--------------------------------------------------------

  CREATE UNIQUE INDEX "WITHJO"."EVENT_NO_PK" ON "WITHJO"."EVENT" ("EVENT_NO") 
  PCTFREE 10 INITRANS 2 MAXTRANS 255 COMPUTE STATISTICS 
  STORAGE(INITIAL 65536 NEXT 1048576 MINEXTENTS 1 MAXEXTENTS 2147483645
  PCTINCREASE 0 FREELISTS 1 FREELIST GROUPS 1 BUFFER_POOL DEFAULT FLASH_CACHE DEFAULT CELL_FLASH_CACHE DEFAULT)
  TABLESPACE "SYSTEM" ;
--------------------------------------------------------
--  DDL for Index LOTTO_NO_PK
--------------------------------------------------------

  CREATE UNIQUE INDEX "WITHJO"."LOTTO_NO_PK" ON "WITHJO"."LOTTO" ("LOTTO_NO") 
  PCTFREE 10 INITRANS 2 MAXTRANS 255 COMPUTE STATISTICS 
  STORAGE(INITIAL 65536 NEXT 1048576 MINEXTENTS 1 MAXEXTENTS 2147483645
  PCTINCREASE 0 FREELISTS 1 FREELIST GROUPS 1 BUFFER_POOL DEFAULT FLASH_CACHE DEFAULT CELL_FLASH_CACHE DEFAULT)
  TABLESPACE "SYSTEM" ;
--------------------------------------------------------
--  DDL for Index MEMBER_NO_PK
--------------------------------------------------------

  CREATE UNIQUE INDEX "WITHJO"."MEMBER_NO_PK" ON "WITHJO"."MEMBER" ("MEMBER_NO") 
  PCTFREE 10 INITRANS 2 MAXTRANS 255 COMPUTE STATISTICS 
  STORAGE(INITIAL 65536 NEXT 1048576 MINEXTENTS 1 MAXEXTENTS 2147483645
  PCTINCREASE 0 FREELISTS 1 FREELIST GROUPS 1 BUFFER_POOL DEFAULT FLASH_CACHE DEFAULT CELL_FLASH_CACHE DEFAULT)
  TABLESPACE "SYSTEM" ;
--------------------------------------------------------
--  DDL for Index MEMBER_ID_UK
--------------------------------------------------------

  CREATE UNIQUE INDEX "WITHJO"."MEMBER_ID_UK" ON "WITHJO"."MEMBER" ("MEMBER_ID") 
  PCTFREE 10 INITRANS 2 MAXTRANS 255 COMPUTE STATISTICS 
  STORAGE(INITIAL 65536 NEXT 1048576 MINEXTENTS 1 MAXEXTENTS 2147483645
  PCTINCREASE 0 FREELISTS 1 FREELIST GROUPS 1 BUFFER_POOL DEFAULT FLASH_CACHE DEFAULT CELL_FLASH_CACHE DEFAULT)
  TABLESPACE "SYSTEM" ;
--------------------------------------------------------
--  DDL for Index MEMBER_PHONE_NUM_UK
--------------------------------------------------------

  CREATE UNIQUE INDEX "WITHJO"."MEMBER_PHONE_NUM_UK" ON "WITHJO"."MEMBER" ("MEMBER_PHONE_NUM") 
  PCTFREE 10 INITRANS 2 MAXTRANS 255 COMPUTE STATISTICS 
  STORAGE(INITIAL 65536 NEXT 1048576 MINEXTENTS 1 MAXEXTENTS 2147483645
  PCTINCREASE 0 FREELISTS 1 FREELIST GROUPS 1 BUFFER_POOL DEFAULT FLASH_CACHE DEFAULT CELL_FLASH_CACHE DEFAULT)
  TABLESPACE "SYSTEM" ;
--------------------------------------------------------
--  DDL for Index MEMBER_COURSE_RESERVE_NO_PK
--------------------------------------------------------

  CREATE UNIQUE INDEX "WITHJO"."MEMBER_COURSE_RESERVE_NO_PK" ON "WITHJO"."MEMBER_COURSE_RESERVE" ("MEMBER_COURSE_RESERVE_NO") 
  PCTFREE 10 INITRANS 2 MAXTRANS 255 
  STORAGE(INITIAL 65536 NEXT 1048576 MINEXTENTS 1 MAXEXTENTS 2147483645
  PCTINCREASE 0 FREELISTS 1 FREELIST GROUPS 1 BUFFER_POOL DEFAULT FLASH_CACHE DEFAULT CELL_FLASH_CACHE DEFAULT)
  TABLESPACE "SYSTEM" ;
--------------------------------------------------------
--  DDL for Index MONEY_MEMBER_E_MONEY_NO_PK
--------------------------------------------------------

  CREATE UNIQUE INDEX "WITHJO"."MONEY_MEMBER_E_MONEY_NO_PK" ON "WITHJO"."MEMBER_E_MONEY" ("MEMBER_E_MONEY_NO") 
  PCTFREE 10 INITRANS 2 MAXTRANS 255 COMPUTE STATISTICS 
  STORAGE(INITIAL 65536 NEXT 1048576 MINEXTENTS 1 MAXEXTENTS 2147483645
  PCTINCREASE 0 FREELISTS 1 FREELIST GROUPS 1 BUFFER_POOL DEFAULT FLASH_CACHE DEFAULT CELL_FLASH_CACHE DEFAULT)
  TABLESPACE "SYSTEM" ;
--------------------------------------------------------
--  DDL for Index NOTICE_NO_PK
--------------------------------------------------------

  CREATE UNIQUE INDEX "WITHJO"."NOTICE_NO_PK" ON "WITHJO"."NOTICE" ("NOTICE_NO") 
  PCTFREE 10 INITRANS 2 MAXTRANS 255 COMPUTE STATISTICS 
  STORAGE(INITIAL 65536 NEXT 1048576 MINEXTENTS 1 MAXEXTENTS 2147483645
  PCTINCREASE 0 FREELISTS 1 FREELIST GROUPS 1 BUFFER_POOL DEFAULT FLASH_CACHE DEFAULT CELL_FLASH_CACHE DEFAULT)
  TABLESPACE "SYSTEM" ;
--------------------------------------------------------
--  DDL for Trigger RESERVATION_COURSE_DELETE
--------------------------------------------------------

  CREATE OR REPLACE TRIGGER "WITHJO"."RESERVATION_COURSE_DELETE" 
    BEFORE DELETE ON MEMBER_COURSE_RESERVE
    FOR EACH ROW
    DECLARE
        COURSECOST NUMBER;
        BEGIN

        SELECT COURSE_COST
        INTO COURSECOST
        FROM COURSE_LIST
        WHERE COURSE_NO = :OLD.COURSE_NO;

        UPDATE COURSE_LIST
        SET COURSE_CURRENT_PEOPLE = COURSE_CURRENT_PEOPLE - 1
        WHERE COURSE_NO = :OLD.COURSE_NO;

        INSERT INTO MEMBER_E_MONEY(MEMBER_NO, MEMBER_E_MONEY_NO, MEMBER_E_MONEY_PLUS, MEMBER_E_MONEY_PLUS_DETAIL)
        VALUES(:OLD.MEMBER_NO, MEMBER_E_MONEY_NO_SEQ.NEXTVAL, COURSECOST, '수강신청취소 환불금');
END;

/
ALTER TRIGGER "WITHJO"."RESERVATION_COURSE_DELETE" ENABLE;
--------------------------------------------------------
--  DDL for Trigger RESERVATION_EMONEY_MINUS
--------------------------------------------------------

  CREATE OR REPLACE TRIGGER "WITHJO"."RESERVATION_EMONEY_MINUS" 
    AFTER INSERT ON MEMBER_COURSE_RESERVE
    FOR EACH ROW
    DECLARE
        COURSECOST NUMBER;
        BEGIN

        SELECT COURSE_COST
        INTO COURSECOST
        FROM COURSE_LIST
        WHERE COURSE_NO = :NEW.COURSE_NO;


        UPDATE COURSE_LIST
        SET COURSE_CURRENT_PEOPLE = COURSE_CURRENT_PEOPLE + 1
        WHERE COURSE_NO = :NEW.COURSE_NO;

 /*       UPDATE MEMBER
        SET MEMBER_E_MONEY = MEMBER_E_MONEY - COURSECOST
        WHERE MEMBER_NO = :NEW.MEMBER_NO;*/

        INSERT INTO MEMBER_E_MONEY(MEMBER_NO, MEMBER_E_MONEY_NO, MEMBER_E_MONEY_MINUS, MEMBER_E_MONEY_MINUS_DETAIL)
        VALUES(:NEW.MEMBER_NO, MEMBER_E_MONEY_NO_SEQ.NEXTVAL, COURSECOST, '수강신청');
END;

/
ALTER TRIGGER "WITHJO"."RESERVATION_EMONEY_MINUS" ENABLE;
--------------------------------------------------------
--  DDL for Trigger UPDATE_MEMBER_E_MONEY
--------------------------------------------------------

  CREATE OR REPLACE TRIGGER "WITHJO"."UPDATE_MEMBER_E_MONEY" 
AFTER INSERT ON MEMBER_E_MONEY
FOR EACH ROW
BEGIN
    UPDATE MEMBER
    SET MEMBER_E_MONEY = MEMBER_E_MONEY + :NEW.MEMBER_E_MONEY_PLUS - :NEW.MEMBER_E_MONEY_MINUS
    WHERE MEMBER_NO = :NEW.MEMBER_NO;
END;

/
ALTER TRIGGER "WITHJO"."UPDATE_MEMBER_E_MONEY" ENABLE;
--------------------------------------------------------
--  DDL for Trigger RESERVATION_EMONEY_MINUS
--------------------------------------------------------

  CREATE OR REPLACE TRIGGER "WITHJO"."RESERVATION_EMONEY_MINUS" 
    AFTER INSERT ON MEMBER_COURSE_RESERVE
    FOR EACH ROW
    DECLARE
        COURSECOST NUMBER;
        BEGIN

        SELECT COURSE_COST
        INTO COURSECOST
        FROM COURSE_LIST
        WHERE COURSE_NO = :NEW.COURSE_NO;


        UPDATE COURSE_LIST
        SET COURSE_CURRENT_PEOPLE = COURSE_CURRENT_PEOPLE + 1
        WHERE COURSE_NO = :NEW.COURSE_NO;

 /*       UPDATE MEMBER
        SET MEMBER_E_MONEY = MEMBER_E_MONEY - COURSECOST
        WHERE MEMBER_NO = :NEW.MEMBER_NO;*/

        INSERT INTO MEMBER_E_MONEY(MEMBER_NO, MEMBER_E_MONEY_NO, MEMBER_E_MONEY_MINUS, MEMBER_E_MONEY_MINUS_DETAIL)
        VALUES(:NEW.MEMBER_NO, MEMBER_E_MONEY_NO_SEQ.NEXTVAL, COURSECOST, '수강신청');
END;

/
ALTER TRIGGER "WITHJO"."RESERVATION_EMONEY_MINUS" ENABLE;
--------------------------------------------------------
--  DDL for Trigger RESERVATION_COURSE_DELETE
--------------------------------------------------------

  CREATE OR REPLACE TRIGGER "WITHJO"."RESERVATION_COURSE_DELETE" 
    BEFORE DELETE ON MEMBER_COURSE_RESERVE
    FOR EACH ROW
    DECLARE
        COURSECOST NUMBER;
        BEGIN

        SELECT COURSE_COST
        INTO COURSECOST
        FROM COURSE_LIST
        WHERE COURSE_NO = :OLD.COURSE_NO;

        UPDATE COURSE_LIST
        SET COURSE_CURRENT_PEOPLE = COURSE_CURRENT_PEOPLE - 1
        WHERE COURSE_NO = :OLD.COURSE_NO;

        INSERT INTO MEMBER_E_MONEY(MEMBER_NO, MEMBER_E_MONEY_NO, MEMBER_E_MONEY_PLUS, MEMBER_E_MONEY_PLUS_DETAIL)
        VALUES(:OLD.MEMBER_NO, MEMBER_E_MONEY_NO_SEQ.NEXTVAL, COURSECOST, '수강신청취소 환불금');
END;

/
ALTER TRIGGER "WITHJO"."RESERVATION_COURSE_DELETE" ENABLE;
--------------------------------------------------------
--  DDL for Trigger UPDATE_MEMBER_E_MONEY
--------------------------------------------------------

  CREATE OR REPLACE TRIGGER "WITHJO"."UPDATE_MEMBER_E_MONEY" 
AFTER INSERT ON MEMBER_E_MONEY
FOR EACH ROW
BEGIN
    UPDATE MEMBER
    SET MEMBER_E_MONEY = MEMBER_E_MONEY + :NEW.MEMBER_E_MONEY_PLUS - :NEW.MEMBER_E_MONEY_MINUS
    WHERE MEMBER_NO = :NEW.MEMBER_NO;
END;

/
ALTER TRIGGER "WITHJO"."UPDATE_MEMBER_E_MONEY" ENABLE;
--------------------------------------------------------
--  Constraints for Table BOARD
--------------------------------------------------------

  ALTER TABLE "WITHJO"."BOARD" ADD CONSTRAINT "BOARD_NO_PK" PRIMARY KEY ("BOARD_NO")
  USING INDEX PCTFREE 10 INITRANS 2 MAXTRANS 255 COMPUTE STATISTICS 
  STORAGE(INITIAL 65536 NEXT 1048576 MINEXTENTS 1 MAXEXTENTS 2147483645
  PCTINCREASE 0 FREELISTS 1 FREELIST GROUPS 1 BUFFER_POOL DEFAULT FLASH_CACHE DEFAULT CELL_FLASH_CACHE DEFAULT)
  TABLESPACE "SYSTEM"  ENABLE;
--------------------------------------------------------
--  Constraints for Table CATEGORY
--------------------------------------------------------

  ALTER TABLE "WITHJO"."CATEGORY" ADD CONSTRAINT "CATEGORY_NO_PK" PRIMARY KEY ("CATEGORY_NO")
  USING INDEX PCTFREE 10 INITRANS 2 MAXTRANS 255 COMPUTE STATISTICS 
  STORAGE(INITIAL 65536 NEXT 1048576 MINEXTENTS 1 MAXEXTENTS 2147483645
  PCTINCREASE 0 FREELISTS 1 FREELIST GROUPS 1 BUFFER_POOL DEFAULT FLASH_CACHE DEFAULT CELL_FLASH_CACHE DEFAULT)
  TABLESPACE "SYSTEM"  ENABLE;
  ALTER TABLE "WITHJO"."CATEGORY" MODIFY ("CATEGORY_NAME" NOT NULL ENABLE);
--------------------------------------------------------
--  Constraints for Table COMMENTS
--------------------------------------------------------

  ALTER TABLE "WITHJO"."COMMENTS" ADD CONSTRAINT "COMMENTS_NO_PK" PRIMARY KEY ("COMMENTS_NO")
  USING INDEX PCTFREE 10 INITRANS 2 MAXTRANS 255 COMPUTE STATISTICS 
  STORAGE(INITIAL 65536 NEXT 1048576 MINEXTENTS 1 MAXEXTENTS 2147483645
  PCTINCREASE 0 FREELISTS 1 FREELIST GROUPS 1 BUFFER_POOL DEFAULT FLASH_CACHE DEFAULT CELL_FLASH_CACHE DEFAULT)
  TABLESPACE "SYSTEM"  ENABLE;
--------------------------------------------------------
--  Constraints for Table COURSE_LIST
--------------------------------------------------------

  ALTER TABLE "WITHJO"."COURSE_LIST" ADD CONSTRAINT "COURSE_NO_PK" PRIMARY KEY ("COURSE_NO")
  USING INDEX PCTFREE 10 INITRANS 2 MAXTRANS 255 
  STORAGE(INITIAL 65536 NEXT 1048576 MINEXTENTS 1 MAXEXTENTS 2147483645
  PCTINCREASE 0 FREELISTS 1 FREELIST GROUPS 1 BUFFER_POOL DEFAULT FLASH_CACHE DEFAULT CELL_FLASH_CACHE DEFAULT)
  TABLESPACE "SYSTEM"  ENABLE;
  ALTER TABLE "WITHJO"."COURSE_LIST" MODIFY ("COURSE_REC_END" NOT NULL ENABLE);
  ALTER TABLE "WITHJO"."COURSE_LIST" MODIFY ("COURSE_REC_START" NOT NULL ENABLE);
  ALTER TABLE "WITHJO"."COURSE_LIST" MODIFY ("COURSE_END_TIME" NOT NULL ENABLE);
  ALTER TABLE "WITHJO"."COURSE_LIST" MODIFY ("COURSE_START_TIME" NOT NULL ENABLE);
  ALTER TABLE "WITHJO"."COURSE_LIST" MODIFY ("COURSE_END_DATE" NOT NULL ENABLE);
  ALTER TABLE "WITHJO"."COURSE_LIST" MODIFY ("COURSE_START_DATE" NOT NULL ENABLE);
  ALTER TABLE "WITHJO"."COURSE_LIST" MODIFY ("COURSE_AGE_LIMIT" NOT NULL ENABLE);
  ALTER TABLE "WITHJO"."COURSE_LIST" MODIFY ("COURSE_MAX_PEOPLE" NOT NULL ENABLE);
  ALTER TABLE "WITHJO"."COURSE_LIST" MODIFY ("COURSE_CURRENT_PEOPLE" NOT NULL ENABLE);
  ALTER TABLE "WITHJO"."COURSE_LIST" MODIFY ("COURSE_COST" NOT NULL ENABLE);
  ALTER TABLE "WITHJO"."COURSE_LIST" MODIFY ("COURSE_TEACHER" NOT NULL ENABLE);
  ALTER TABLE "WITHJO"."COURSE_LIST" MODIFY ("COURSE_NAME" NOT NULL ENABLE);
--------------------------------------------------------
--  Constraints for Table COURSE_LIST_DAY
--------------------------------------------------------

  ALTER TABLE "WITHJO"."COURSE_LIST_DAY" ADD CONSTRAINT "COURSE_LIST_DAY_NO_PK" PRIMARY KEY ("COURSE_LIST_DAY_NO")
  USING INDEX PCTFREE 10 INITRANS 2 MAXTRANS 255 
  STORAGE(INITIAL 65536 NEXT 1048576 MINEXTENTS 1 MAXEXTENTS 2147483645
  PCTINCREASE 0 FREELISTS 1 FREELIST GROUPS 1 BUFFER_POOL DEFAULT FLASH_CACHE DEFAULT CELL_FLASH_CACHE DEFAULT)
  TABLESPACE "SYSTEM"  ENABLE;
--------------------------------------------------------
--  Constraints for Table CUSTOMER
--------------------------------------------------------

  ALTER TABLE "WITHJO"."CUSTOMER" ADD CONSTRAINT "CUSTOMER_NO" PRIMARY KEY ("CUSTOMER_NO")
  USING INDEX PCTFREE 10 INITRANS 2 MAXTRANS 255 COMPUTE STATISTICS 
  STORAGE(INITIAL 65536 NEXT 1048576 MINEXTENTS 1 MAXEXTENTS 2147483645
  PCTINCREASE 0 FREELISTS 1 FREELIST GROUPS 1 BUFFER_POOL DEFAULT FLASH_CACHE DEFAULT CELL_FLASH_CACHE DEFAULT)
  TABLESPACE "SYSTEM"  ENABLE;
--------------------------------------------------------
--  Constraints for Table DRAWING
--------------------------------------------------------

  ALTER TABLE "WITHJO"."DRAWING" ADD CONSTRAINT "DRAWING_NO" PRIMARY KEY ("DRAWING_NO")
  USING INDEX PCTFREE 10 INITRANS 2 MAXTRANS 255 
  STORAGE(INITIAL 65536 NEXT 1048576 MINEXTENTS 1 MAXEXTENTS 2147483645
  PCTINCREASE 0 FREELISTS 1 FREELIST GROUPS 1 BUFFER_POOL DEFAULT FLASH_CACHE DEFAULT CELL_FLASH_CACHE DEFAULT)
  TABLESPACE "SYSTEM"  ENABLE;
--------------------------------------------------------
--  Constraints for Table EVENT
--------------------------------------------------------

  ALTER TABLE "WITHJO"."EVENT" ADD CONSTRAINT "EVENT_NO_PK" PRIMARY KEY ("EVENT_NO")
  USING INDEX PCTFREE 10 INITRANS 2 MAXTRANS 255 COMPUTE STATISTICS 
  STORAGE(INITIAL 65536 NEXT 1048576 MINEXTENTS 1 MAXEXTENTS 2147483645
  PCTINCREASE 0 FREELISTS 1 FREELIST GROUPS 1 BUFFER_POOL DEFAULT FLASH_CACHE DEFAULT CELL_FLASH_CACHE DEFAULT)
  TABLESPACE "SYSTEM"  ENABLE;
--------------------------------------------------------
--  Constraints for Table LOTTO
--------------------------------------------------------

  ALTER TABLE "WITHJO"."LOTTO" ADD CONSTRAINT "LOTTO_NO_PK" PRIMARY KEY ("LOTTO_NO")
  USING INDEX PCTFREE 10 INITRANS 2 MAXTRANS 255 COMPUTE STATISTICS 
  STORAGE(INITIAL 65536 NEXT 1048576 MINEXTENTS 1 MAXEXTENTS 2147483645
  PCTINCREASE 0 FREELISTS 1 FREELIST GROUPS 1 BUFFER_POOL DEFAULT FLASH_CACHE DEFAULT CELL_FLASH_CACHE DEFAULT)
  TABLESPACE "SYSTEM"  ENABLE;
--------------------------------------------------------
--  Constraints for Table MEMBER
--------------------------------------------------------

  ALTER TABLE "WITHJO"."MEMBER" ADD CONSTRAINT "MEMBER_PHONE_NUM_UK" UNIQUE ("MEMBER_PHONE_NUM")
  USING INDEX PCTFREE 10 INITRANS 2 MAXTRANS 255 COMPUTE STATISTICS 
  STORAGE(INITIAL 65536 NEXT 1048576 MINEXTENTS 1 MAXEXTENTS 2147483645
  PCTINCREASE 0 FREELISTS 1 FREELIST GROUPS 1 BUFFER_POOL DEFAULT FLASH_CACHE DEFAULT CELL_FLASH_CACHE DEFAULT)
  TABLESPACE "SYSTEM"  ENABLE;
  ALTER TABLE "WITHJO"."MEMBER" ADD CONSTRAINT "MEMBER_ID_UK" UNIQUE ("MEMBER_ID")
  USING INDEX PCTFREE 10 INITRANS 2 MAXTRANS 255 COMPUTE STATISTICS 
  STORAGE(INITIAL 65536 NEXT 1048576 MINEXTENTS 1 MAXEXTENTS 2147483645
  PCTINCREASE 0 FREELISTS 1 FREELIST GROUPS 1 BUFFER_POOL DEFAULT FLASH_CACHE DEFAULT CELL_FLASH_CACHE DEFAULT)
  TABLESPACE "SYSTEM"  ENABLE;
  ALTER TABLE "WITHJO"."MEMBER" ADD CONSTRAINT "MEMBER_NO_PK" PRIMARY KEY ("MEMBER_NO")
  USING INDEX PCTFREE 10 INITRANS 2 MAXTRANS 255 COMPUTE STATISTICS 
  STORAGE(INITIAL 65536 NEXT 1048576 MINEXTENTS 1 MAXEXTENTS 2147483645
  PCTINCREASE 0 FREELISTS 1 FREELIST GROUPS 1 BUFFER_POOL DEFAULT FLASH_CACHE DEFAULT CELL_FLASH_CACHE DEFAULT)
  TABLESPACE "SYSTEM"  ENABLE;
  ALTER TABLE "WITHJO"."MEMBER" MODIFY ("MEMBER_GENDER" NOT NULL ENABLE);
  ALTER TABLE "WITHJO"."MEMBER" MODIFY ("MEMBER_ADDRESS" NOT NULL ENABLE);
  ALTER TABLE "WITHJO"."MEMBER" MODIFY ("MEMBER_ZIP_CODE" NOT NULL ENABLE);
  ALTER TABLE "WITHJO"."MEMBER" MODIFY ("MEMBER_PHONE_NUM" NOT NULL ENABLE);
  ALTER TABLE "WITHJO"."MEMBER" MODIFY ("MEMBER_BIRTH_DATE" NOT NULL ENABLE);
  ALTER TABLE "WITHJO"."MEMBER" MODIFY ("MEMBER_NAME" NOT NULL ENABLE);
  ALTER TABLE "WITHJO"."MEMBER" MODIFY ("MEMBER_PW" NOT NULL ENABLE);
  ALTER TABLE "WITHJO"."MEMBER" MODIFY ("MEMBER_ID" NOT NULL ENABLE);
--------------------------------------------------------
--  Constraints for Table MEMBER_COURSE_RESERVE
--------------------------------------------------------

  ALTER TABLE "WITHJO"."MEMBER_COURSE_RESERVE" ADD CONSTRAINT "MEMBER_COURSE_RESERVE_NO_PK" PRIMARY KEY ("MEMBER_COURSE_RESERVE_NO")
  USING INDEX PCTFREE 10 INITRANS 2 MAXTRANS 255 
  STORAGE(INITIAL 65536 NEXT 1048576 MINEXTENTS 1 MAXEXTENTS 2147483645
  PCTINCREASE 0 FREELISTS 1 FREELIST GROUPS 1 BUFFER_POOL DEFAULT FLASH_CACHE DEFAULT CELL_FLASH_CACHE DEFAULT)
  TABLESPACE "SYSTEM"  ENABLE;
--------------------------------------------------------
--  Constraints for Table MEMBER_E_MONEY
--------------------------------------------------------

  ALTER TABLE "WITHJO"."MEMBER_E_MONEY" ADD CONSTRAINT "MONEY_MEMBER_E_MONEY_NO_PK" PRIMARY KEY ("MEMBER_E_MONEY_NO")
  USING INDEX PCTFREE 10 INITRANS 2 MAXTRANS 255 COMPUTE STATISTICS 
  STORAGE(INITIAL 65536 NEXT 1048576 MINEXTENTS 1 MAXEXTENTS 2147483645
  PCTINCREASE 0 FREELISTS 1 FREELIST GROUPS 1 BUFFER_POOL DEFAULT FLASH_CACHE DEFAULT CELL_FLASH_CACHE DEFAULT)
  TABLESPACE "SYSTEM"  ENABLE;
--------------------------------------------------------
--  Constraints for Table NOTICE
--------------------------------------------------------

  ALTER TABLE "WITHJO"."NOTICE" ADD CONSTRAINT "NOTICE_NO_PK" PRIMARY KEY ("NOTICE_NO")
  USING INDEX PCTFREE 10 INITRANS 2 MAXTRANS 255 COMPUTE STATISTICS 
  STORAGE(INITIAL 65536 NEXT 1048576 MINEXTENTS 1 MAXEXTENTS 2147483645
  PCTINCREASE 0 FREELISTS 1 FREELIST GROUPS 1 BUFFER_POOL DEFAULT FLASH_CACHE DEFAULT CELL_FLASH_CACHE DEFAULT)
  TABLESPACE "SYSTEM"  ENABLE;
--------------------------------------------------------
--  Ref Constraints for Table BOARD
--------------------------------------------------------

  ALTER TABLE "WITHJO"."BOARD" ADD CONSTRAINT "B_MEMBER_NO_FK" FOREIGN KEY ("MEMBER_NO")
	  REFERENCES "WITHJO"."MEMBER" ("MEMBER_NO") ENABLE;
--------------------------------------------------------
--  Ref Constraints for Table COMMENTS
--------------------------------------------------------

  ALTER TABLE "WITHJO"."COMMENTS" ADD CONSTRAINT "C_BOARD_NO_FK" FOREIGN KEY ("BOARD_NO")
	  REFERENCES "WITHJO"."BOARD" ("BOARD_NO") ON DELETE CASCADE ENABLE;
  ALTER TABLE "WITHJO"."COMMENTS" ADD CONSTRAINT "C_MEMBER_NO_FK" FOREIGN KEY ("MEMBER_NO")
	  REFERENCES "WITHJO"."MEMBER" ("MEMBER_NO") ON DELETE CASCADE ENABLE;
--------------------------------------------------------
--  Ref Constraints for Table COURSE_LIST
--------------------------------------------------------

  ALTER TABLE "WITHJO"."COURSE_LIST" ADD CONSTRAINT "C_CATEGORY_NO_FK" FOREIGN KEY ("CATEGORY_NO")
	  REFERENCES "WITHJO"."CATEGORY" ("CATEGORY_NO") ENABLE;
--------------------------------------------------------
--  Ref Constraints for Table COURSE_LIST_DAY
--------------------------------------------------------

  ALTER TABLE "WITHJO"."COURSE_LIST_DAY" ADD CONSTRAINT "C_C_COURSE_NO_FK" FOREIGN KEY ("COURSE_NO")
	  REFERENCES "WITHJO"."COURSE_LIST" ("COURSE_NO") ENABLE;
--------------------------------------------------------
--  Ref Constraints for Table MEMBER_COURSE_RESERVE
--------------------------------------------------------

  ALTER TABLE "WITHJO"."MEMBER_COURSE_RESERVE" ADD CONSTRAINT "M_C_CATEGORY_NO_FK" FOREIGN KEY ("CATEGORY_NO")
	  REFERENCES "WITHJO"."CATEGORY" ("CATEGORY_NO") ENABLE;
  ALTER TABLE "WITHJO"."MEMBER_COURSE_RESERVE" ADD CONSTRAINT "M_C_COURSE_NO_FK" FOREIGN KEY ("COURSE_NO")
	  REFERENCES "WITHJO"."COURSE_LIST" ("COURSE_NO") ENABLE;
  ALTER TABLE "WITHJO"."MEMBER_COURSE_RESERVE" ADD CONSTRAINT "M_C_MEMBER_NO_FK" FOREIGN KEY ("MEMBER_NO")
	  REFERENCES "WITHJO"."MEMBER" ("MEMBER_NO") ENABLE;
--------------------------------------------------------
--  Ref Constraints for Table MEMBER_E_MONEY
--------------------------------------------------------

  ALTER TABLE "WITHJO"."MEMBER_E_MONEY" ADD CONSTRAINT "MONEY_MEMBER_NO_FK" FOREIGN KEY ("MEMBER_NO")
	  REFERENCES "WITHJO"."MEMBER" ("MEMBER_NO") ENABLE;
--------------------------------------------------------
--  Ref Constraints for Table NOTICE
--------------------------------------------------------

  ALTER TABLE "WITHJO"."NOTICE" ADD CONSTRAINT "N_MEMBER_NO_FK" FOREIGN KEY ("MEMBER_NO")
	  REFERENCES "WITHJO"."MEMBER" ("MEMBER_NO") ENABLE;
